Link;Club;League;Season;Market Value
https://www.transfermarkt.com/afc-bournemouth/startseite/verein/989/saison_id/2023;Bournemouth;Premier League;2015;49
https://www.transfermarkt.com/afc-bournemouth/startseite/verein/989/saison_id/2023;Bournemouth;Premier League;2017;118,25
https://www.transfermarkt.com/afc-bournemouth/startseite/verein/989/saison_id/2023;Bournemouth;Premier League;2016;122,05
https://www.transfermarkt.com/afc-bournemouth/startseite/verein/989/saison_id/2023;Bournemouth;Premier League;2018;164,25
https://www.transfermarkt.com/afc-bournemouth/startseite/verein/989/saison_id/2023;Bournemouth;Premier League;2019;320
https://www.transfermarkt.com/fc-arsenal/startseite/verein/11/saison_id/2023;Arsenal;Premier League;2011;276,8
https://www.transfermarkt.com/fc-arsenal/startseite/verein/11/saison_id/2023;Arsenal;Premier League;2012;282,75
https://www.transfermarkt.com/fc-arsenal/startseite/verein/11/saison_id/2023;Arsenal;Premier League;2013;295,5
https://www.transfermarkt.com/brighton-amp-hove-albion/startseite/verein/1237/saison_id/2023;Brighton & Hove Albion;League One;2010;€5.95m
https://www.transfermarkt.com/fc-brentford/startseite/verein/1148/saison_id/2023;Brentford FC;League One;2010;€7.15m
https://www.transfermarkt.com/fc-arsenal/startseite/verein/11/saison_id/2023;Arsenal;Premier League;2010;303
https://www.transfermarkt.com/fc-arsenal/startseite/verein/11/saison_id/2023;Arsenal;Premier League;2015;402
https://www.transfermarkt.com/fc-arsenal/startseite/verein/11/saison_id/2023;Arsenal;Premier League;2016;468,5
https://www.transfermarkt.com/nottingham-forest/startseite/verein/703/saison_id/2023;Nottingham Forest;Championship;2010;€25.30m
https://www.transfermarkt.com/crystal-palace/startseite/verein/873/saison_id/2023;Crystal Palace;Championship;2010;€17.40m
https://www.transfermarkt.com/afc-bournemouth/startseite/verein/989/saison_id/2023;AFC Bournemouth;League One;2010;€3.93m
https://www.transfermarkt.com/fc-arsenal/startseite/verein/11/saison_id/2023;Arsenal;Premier League;2017;513
https://www.transfermarkt.com/fc-burnley/startseite/verein/1132/saison_id/2023;Burnley FC;Championship;2010;€34.60m
https://www.transfermarkt.com/sheffield-united/startseite/verein/350/saison_id/2023;Sheffield United;Championship;2010;€28.55m
https://www.transfermarkt.com/luton-town/startseite/verein/1031/saison_id/2023;Luton Town;;2010;€1.98m
https://www.transfermarkt.com/fc-arsenal/startseite/verein/11/saison_id/2023;Arsenal;Premier League;2018;554
https://www.transfermarkt.com/fc-arsenal/startseite/verein/11/saison_id/2023;Arsenal;Premier League;2020;599,35
https://www.transfermarkt.com/fc-arsenal/startseite/verein/11/saison_id/2023;Arsenal;Premier League;2019;658,75
https://www.transfermarkt.com/aston-villa/startseite/verein/405/saison_id/2023;Aston Villa;Premier League;2015;102,05
https://www.transfermarkt.com/aston-villa/startseite/verein/405/saison_id/2023;Aston Villa;Premier League;2013;105
https://www.transfermarkt.com/aston-villa/startseite/verein/405/saison_id/2023;Aston Villa;Premier League;2012;112,4
https://www.transfermarkt.com/aston-villa/startseite/verein/405/saison_id/2023;Aston Villa;Premier League;2011;116,75
https://www.transfermarkt.com/aston-villa/startseite/verein/405/saison_id/2023;Aston Villa;Premier League;2010;142,15
https://www.transfermarkt.com/brighton-amp-hove-albion/startseite/verein/1237/saison_id/2023;Brighton & Hove Albion;Championship;2011;€7.18m
https://www.transfermarkt.com/fc-brentford/startseite/verein/1148/saison_id/2023;Brentford FC;League One;2011;€5.03m
https://www.transfermarkt.com/aston-villa/startseite/verein/405/saison_id/2023;Aston Villa;Premier League;2019;156
https://www.transfermarkt.com/aston-villa/startseite/verein/405/saison_id/2023;Aston Villa;Premier League;2020;232,7
https://www.transfermarkt.com/west-ham-united/startseite/verein/379/saison_id/2023;West Ham United;Championship;2011;€76.15m
https://www.transfermarkt.com/nottingham-forest/startseite/verein/703/saison_id/2023;Nottingham Forest;Championship;2011;€29.50m
https://www.transfermarkt.com/crystal-palace/startseite/verein/873/saison_id/2023;Crystal Palace;Championship;2011;€21.85m
https://www.transfermarkt.com/afc-bournemouth/startseite/verein/989/saison_id/2023;AFC Bournemouth;League One;2011;€3.43m
https://www.transfermarkt.com/birmingham-city/startseite/verein/337/saison_id/2023;Birmingham City;Premier League;2010;75,55
https://www.transfermarkt.com/fc-burnley/startseite/verein/1132/saison_id/2023;Burnley FC;Championship;2011;€25.38m
https://www.transfermarkt.com/sheffield-united/startseite/verein/350/saison_id/2023;Sheffield United;League One;2011;€16.45m
https://www.transfermarkt.com/luton-town/startseite/verein/1031/saison_id/2023;Luton Town;National League;2011;€1.28m
https://www.transfermarkt.com/blackburn-rovers/startseite/verein/164/saison_id/2023;Blackburn Rovers;Premier League;2011;65,65
https://www.transfermarkt.com/blackburn-rovers/startseite/verein/164/saison_id/2023;Blackburn Rovers;Premier League;2010;73,25
https://www.transfermarkt.com/fc-blackpool/startseite/verein/1181/saison_id/2023;Blackpool;Premier League;2010;27,08
https://www.transfermarkt.com/bolton-wanderers/startseite/verein/355/saison_id/2023;Bolton Wanderers;Premier League;2010;83,25
https://www.transfermarkt.com/bolton-wanderers/startseite/verein/355/saison_id/2023;Bolton Wanderers;Premier League;2011;98,1
https://www.transfermarkt.com/brighton-amp-hove-albion/startseite/verein/1237/saison_id/2023;Brighton & Hove Albion;Premier League;2017;94,25
https://www.transfermarkt.com/brighton-amp-hove-albion/startseite/verein/1237/saison_id/2023;Brighton & Hove Albion;Premier League;2018;177
https://www.transfermarkt.com/brighton-amp-hove-albion/startseite/verein/1237/saison_id/2023;Brighton & Hove Albion;Premier League;2019;207,25
https://www.transfermarkt.com/brighton-amp-hove-albion/startseite/verein/1237/saison_id/2023;Brighton & Hove Albion;Championship;2012;€25.30m
https://www.transfermarkt.com/fc-brentford/startseite/verein/1148/saison_id/2023;Brentford FC;League One;2012;€4.58m
https://www.transfermarkt.com/wolverhampton-wanderers/startseite/verein/543/saison_id/2023;Wolverhampton Wanderers;Championship;2012;€65.55m
https://www.transfermarkt.com/brighton-amp-hove-albion/startseite/verein/1237/saison_id/2023;Brighton & Hove Albion;Premier League;2020;209,05
https://www.transfermarkt.com/fc-burnley/startseite/verein/1132/saison_id/2023;Burnley;Premier League;2016;66,5
https://www.transfermarkt.com/nottingham-forest/startseite/verein/703/saison_id/2023;Nottingham Forest;Championship;2012;€25.80m
https://www.transfermarkt.com/crystal-palace/startseite/verein/873/saison_id/2023;Crystal Palace;Championship;2012;€20.05m
https://www.transfermarkt.com/afc-bournemouth/startseite/verein/989/saison_id/2023;AFC Bournemouth;League One;2012;€6.90m
https://www.transfermarkt.com/fc-burnley/startseite/verein/1132/saison_id/2023;Burnley;Premier League;2017;82,75
https://www.transfermarkt.com/fc-burnley/startseite/verein/1132/saison_id/2023;Burnley FC;Championship;2012;€19.30m
https://www.transfermarkt.com/sheffield-united/startseite/verein/350/saison_id/2023;Sheffield United;League One;2012;€9.70m
https://www.transfermarkt.com/luton-town/startseite/verein/1031/saison_id/2023;Luton Town;National League;2012;€1.38m
https://www.transfermarkt.com/fc-burnley/startseite/verein/1132/saison_id/2023;Burnley;Premier League;2020;154,78
https://www.transfermarkt.com/fc-burnley/startseite/verein/1132/saison_id/2023;Burnley;Premier League;2018;181,75
https://www.transfermarkt.com/fc-burnley/startseite/verein/1132/saison_id/2023;Burnley;Premier League;2019;200,75
https://www.transfermarkt.com/cardiff-city/startseite/verein/603/saison_id/2023;Cardiff City;Premier League;2013;65,68
https://www.transfermarkt.com/cardiff-city/startseite/verein/603/saison_id/2023;Cardiff City;Premier League;2018;94,25
https://www.transfermarkt.com/fc-chelsea/startseite/verein/631/saison_id/2023;Chelsea;Premier League;2010;360
https://www.transfermarkt.com/fc-chelsea/startseite/verein/631/saison_id/2023;Chelsea;Premier League;2012;392
https://www.transfermarkt.com/fc-chelsea/startseite/verein/631/saison_id/2023;Chelsea;Premier League;2011;405
https://www.transfermarkt.com/brighton-amp-hove-albion/startseite/verein/1237/saison_id/2023;Brighton & Hove Albion;Championship;2013;€25.03m
https://www.transfermarkt.com/fc-brentford/startseite/verein/1148/saison_id/2023;Brentford FC;League One;2013;€6.65m
https://www.transfermarkt.com/wolverhampton-wanderers/startseite/verein/543/saison_id/2023;Wolverhampton Wanderers;League One;2013;€23.80m
https://www.transfermarkt.com/fc-chelsea/startseite/verein/631/saison_id/2023;Chelsea;Premier League;2013;514,75
https://www.transfermarkt.com/fc-chelsea/startseite/verein/631/saison_id/2023;Chelsea;Premier League;2016;517,3
https://www.transfermarkt.com/nottingham-forest/startseite/verein/703/saison_id/2023;Nottingham Forest;Championship;2013;€32.70m
https://www.transfermarkt.com/fc-chelsea/startseite/verein/631/saison_id/2023;Chelsea;Premier League;2015;532,75
https://www.transfermarkt.com/afc-bournemouth/startseite/verein/989/saison_id/2023;AFC Bournemouth;Championship;2013;€10.45m
https://www.transfermarkt.com/fc-chelsea/startseite/verein/631/saison_id/2023;Chelsea;Premier League;2017;605,9
https://www.transfermarkt.com/fc-burnley/startseite/verein/1132/saison_id/2023;Burnley FC;Championship;2013;€15.73m
https://www.transfermarkt.com/sheffield-united/startseite/verein/350/saison_id/2023;Sheffield United;League One;2013;€8.25m
https://www.transfermarkt.com/luton-town/startseite/verein/1031/saison_id/2023;Luton Town;National League;2013;€2.25m
https://www.transfermarkt.com/fc-arsenal/startseite/verein/11/saison_id/2023;Arsenal FC;;2014;-
https://www.transfermarkt.com/manchester-city/startseite/verein/281/saison_id/2023;Manchester City;;2014;-
https://www.transfermarkt.com/fc-chelsea/startseite/verein/631/saison_id/2023;Chelsea FC;;2014;-
https://www.transfermarkt.com/fc-liverpool/startseite/verein/31/saison_id/2023;Liverpool FC;;2014;-
https://www.transfermarkt.com/manchester-united/startseite/verein/985/saison_id/2023;Manchester United;;2014;-
https://www.transfermarkt.com/tottenham-hotspur/startseite/verein/148/saison_id/2023;Tottenham Hotspur;;2014;-
https://www.transfermarkt.com/newcastle-united/startseite/verein/762/saison_id/2023;Newcastle United;;2014;-
https://www.transfermarkt.com/aston-villa/startseite/verein/405/saison_id/2023;Aston Villa;;2014;-
https://www.transfermarkt.com/brighton-amp-hove-albion/startseite/verein/1237/saison_id/2023;Brighton & Hove Albion;;2014;-
https://www.transfermarkt.com/fc-brentford/startseite/verein/1148/saison_id/2023;Brentford FC;;2014;-
https://www.transfermarkt.com/wolverhampton-wanderers/startseite/verein/543/saison_id/2023;Wolverhampton Wanderers;;2014;-
https://www.transfermarkt.com/fc-everton/startseite/verein/29/saison_id/2023;Everton FC;;2014;-
https://www.transfermarkt.com/west-ham-united/startseite/verein/379/saison_id/2023;West Ham United;;2014;-
https://www.transfermarkt.com/nottingham-forest/startseite/verein/703/saison_id/2023;Nottingham Forest;;2014;-
https://www.transfermarkt.com/crystal-palace/startseite/verein/873/saison_id/2023;Crystal Palace;;2014;-
https://www.transfermarkt.com/afc-bournemouth/startseite/verein/989/saison_id/2023;AFC Bournemouth;;2014;-
https://www.transfermarkt.com/fc-fulham/startseite/verein/931/saison_id/2023;Fulham FC;;2014;-
https://www.transfermarkt.com/fc-burnley/startseite/verein/1132/saison_id/2023;Burnley FC;;2014;-
https://www.transfermarkt.com/sheffield-united/startseite/verein/350/saison_id/2023;Sheffield United;;2014;-
https://www.transfermarkt.com/luton-town/startseite/verein/1031/saison_id/2023;Luton Town;;2014;-
https://www.transfermarkt.com/fc-chelsea/startseite/verein/631/saison_id/2023;Chelsea;Premier League;2019;794,75
https://www.transfermarkt.com/fc-chelsea/startseite/verein/631/saison_id/2023;Chelsea;Premier League;2018;851,75
https://www.transfermarkt.com/fc-chelsea/startseite/verein/631/saison_id/2023;Chelsea;Premier League;2020;880,1
https://www.transfermarkt.com/crystal-palace/startseite/verein/873/saison_id/2023;Crystal Palace;Premier League;2013;46
https://www.transfermarkt.com/crystal-palace/startseite/verein/873/saison_id/2023;Crystal Palace;Premier League;2015;120,25
https://www.transfermarkt.com/crystal-palace/startseite/verein/873/saison_id/2023;Crystal Palace;Premier League;2016;157,75
https://www.transfermarkt.com/crystal-palace/startseite/verein/873/saison_id/2023;Crystal Palace;Premier League;2017;173,85
https://www.transfermarkt.com/crystal-palace/startseite/verein/873/saison_id/2023;Crystal Palace;Premier League;2020;188,5
https://www.transfermarkt.com/brighton-amp-hove-albion/startseite/verein/1237/saison_id/2023;Brighton & Hove Albion;Championship;2015;€26.50m
https://www.transfermarkt.com/fc-brentford/startseite/verein/1148/saison_id/2023;Brentford FC;Championship;2015;€21.88m
https://www.transfermarkt.com/wolverhampton-wanderers/startseite/verein/543/saison_id/2023;Wolverhampton Wanderers;Championship;2015;€21.70m
https://www.transfermarkt.com/crystal-palace/startseite/verein/873/saison_id/2023;Crystal Palace;Premier League;2018;215,33
https://www.transfermarkt.com/crystal-palace/startseite/verein/873/saison_id/2023;Crystal Palace;Premier League;2019;231,4
https://www.transfermarkt.com/nottingham-forest/startseite/verein/703/saison_id/2023;Nottingham Forest;Championship;2015;€37.80m
https://www.transfermarkt.com/fc-everton/startseite/verein/29/saison_id/2023;Everton;Premier League;2012;125,45
https://www.transfermarkt.com/fc-everton/startseite/verein/29/saison_id/2023;Everton;Premier League;2013;157,25
https://www.transfermarkt.com/fc-fulham/startseite/verein/931/saison_id/2023;Fulham FC;Championship;2015;€28.60m
https://www.transfermarkt.com/fc-burnley/startseite/verein/1132/saison_id/2023;Burnley FC;Championship;2015;€38.40m
https://www.transfermarkt.com/sheffield-united/startseite/verein/350/saison_id/2023;Sheffield United;League One;2015;€11.60m
https://www.transfermarkt.com/luton-town/startseite/verein/1031/saison_id/2023;Luton Town;League Two;2015;€5.10m
https://www.transfermarkt.com/fc-everton/startseite/verein/29/saison_id/2023;Everton;Premier League;2011;171,3
https://www.transfermarkt.com/fc-everton/startseite/verein/29/saison_id/2023;Everton;Premier League;2010;176,4
https://www.transfermarkt.com/fc-everton/startseite/verein/29/saison_id/2023;Everton;Premier League;2015;179,8
https://www.transfermarkt.com/fc-everton/startseite/verein/29/saison_id/2023;Everton;Premier League;2016;239,25
https://www.transfermarkt.com/fc-everton/startseite/verein/29/saison_id/2023;Everton;Premier League;2017;321,5
https://www.transfermarkt.com/fc-everton/startseite/verein/29/saison_id/2023;Everton;Premier League;2018;400
https://www.transfermarkt.com/newcastle-united/startseite/verein/762/saison_id/2023;Newcastle United;Championship;2016;€120.80m
https://www.transfermarkt.com/aston-villa/startseite/verein/405/saison_id/2023;Aston Villa;Championship;2016;€84.95m
https://www.transfermarkt.com/brighton-amp-hove-albion/startseite/verein/1237/saison_id/2023;Brighton & Hove Albion;Championship;2016;€39.25m
https://www.transfermarkt.com/fc-brentford/startseite/verein/1148/saison_id/2023;Brentford FC;Championship;2016;€18.70m
https://www.transfermarkt.com/wolverhampton-wanderers/startseite/verein/543/saison_id/2023;Wolverhampton Wanderers;Championship;2016;€46.45m
https://www.transfermarkt.com/fc-everton/startseite/verein/29/saison_id/2023;Everton;Premier League;2020;411,05
https://www.transfermarkt.com/fc-everton/startseite/verein/29/saison_id/2023;Everton;Premier League;2019;519
https://www.transfermarkt.com/nottingham-forest/startseite/verein/703/saison_id/2023;Nottingham Forest;Championship;2016;€35.60m
https://www.transfermarkt.com/fc-fulham/startseite/verein/931/saison_id/2023;Fulham;Premier League;2012;87,25
https://www.transfermarkt.com/fc-fulham/startseite/verein/931/saison_id/2023;Fulham;Premier League;2013;94,75
https://www.transfermarkt.com/fc-fulham/startseite/verein/931/saison_id/2023;Fulham FC;Championship;2016;€49.20m
https://www.transfermarkt.com/fc-fulham/startseite/verein/931/saison_id/2023;Fulham;Premier League;2010;100,25
https://www.transfermarkt.com/sheffield-united/startseite/verein/350/saison_id/2023;Sheffield United;League One;2016;€6.85m
https://www.transfermarkt.com/luton-town/startseite/verein/1031/saison_id/2023;Luton Town;League Two;2016;€3.95m
https://www.transfermarkt.com/fc-fulham/startseite/verein/931/saison_id/2023;Fulham;Premier League;2011;106,75
https://www.transfermarkt.com/fc-fulham/startseite/verein/931/saison_id/2023;Fulham;Premier League;2020;144,25
https://www.transfermarkt.com/fc-fulham/startseite/verein/931/saison_id/2023;Fulham;Premier League;2018;242,5
https://www.transfermarkt.com/huddersfield-town/startseite/verein/1110/saison_id/2023;Huddersfield Town;Premier League;2017;56,9
https://www.transfermarkt.com/huddersfield-town/startseite/verein/1110/saison_id/2023;Huddersfield Town;Premier League;2018;116,1
https://www.transfermarkt.com/hull-city/startseite/verein/3008/saison_id/2023;Hull City;Premier League;2013;54,5
https://www.transfermarkt.com/hull-city/startseite/verein/3008/saison_id/2023;Hull City;Premier League;2016;77,85
https://www.transfermarkt.com/aston-villa/startseite/verein/405/saison_id/2023;Aston Villa;Championship;2017;€93.50m
https://www.transfermarkt.com/leeds-united/startseite/verein/399/saison_id/2023;Leeds United;Premier League;2020;128,05
https://www.transfermarkt.com/fc-brentford/startseite/verein/1148/saison_id/2023;Brentford FC;Championship;2017;€27.60m
https://www.transfermarkt.com/wolverhampton-wanderers/startseite/verein/543/saison_id/2023;Wolverhampton Wanderers;Championship;2017;€67.18m
https://www.transfermarkt.com/leicester-city/startseite/verein/1003/saison_id/2023;Leicester City;Premier League;2015;87,8
https://www.transfermarkt.com/leicester-city/startseite/verein/1003/saison_id/2023;Leicester City;Premier League;2016;210,5
https://www.transfermarkt.com/nottingham-forest/startseite/verein/703/saison_id/2023;Nottingham Forest;Championship;2017;€27.90m
https://www.transfermarkt.com/leicester-city/startseite/verein/1003/saison_id/2023;Leicester City;Premier League;2017;227,5
https://www.transfermarkt.com/leicester-city/startseite/verein/1003/saison_id/2023;Leicester City;Premier League;2018;319,5
https://www.transfermarkt.com/fc-fulham/startseite/verein/931/saison_id/2023;Fulham FC;Championship;2017;€55.30m
https://www.transfermarkt.com/leicester-city/startseite/verein/1003/saison_id/2023;Leicester City;Premier League;2019;392,25
https://www.transfermarkt.com/sheffield-united/startseite/verein/350/saison_id/2023;Sheffield United;Championship;2017;€9.80m
https://www.transfermarkt.com/luton-town/startseite/verein/1031/saison_id/2023;Luton Town;League Two;2017;€3.85m
https://www.transfermarkt.com/leicester-city/startseite/verein/1003/saison_id/2023;Leicester City;Premier League;2020;420,3
https://www.transfermarkt.com/fc-liverpool/startseite/verein/31/saison_id/2023;Liverpool;Premier League;2012;220,6
https://www.transfermarkt.com/fc-liverpool/startseite/verein/31/saison_id/2023;Liverpool;Premier League;2013;254
https://www.transfermarkt.com/fc-liverpool/startseite/verein/31/saison_id/2023;Liverpool;Premier League;2011;258,75
https://www.transfermarkt.com/fc-liverpool/startseite/verein/31/saison_id/2023;Liverpool;Premier League;2010;275
https://www.transfermarkt.com/fc-liverpool/startseite/verein/31/saison_id/2023;Liverpool;Premier League;2015;334,25
https://www.transfermarkt.com/fc-liverpool/startseite/verein/31/saison_id/2023;Liverpool;Premier League;2016;387,2
https://www.transfermarkt.com/aston-villa/startseite/verein/405/saison_id/2023;Aston Villa;Championship;2018;€107.85m
https://www.transfermarkt.com/fc-liverpool/startseite/verein/31/saison_id/2023;Liverpool;Premier League;2017;466,5
https://www.transfermarkt.com/fc-brentford/startseite/verein/1148/saison_id/2023;Brentford FC;Championship;2018;€36.10m
https://www.transfermarkt.com/fc-liverpool/startseite/verein/31/saison_id/2023;Liverpool;Premier League;2018;876
https://www.transfermarkt.com/fc-liverpool/startseite/verein/31/saison_id/2023;Liverpool;Premier League;2020;103
https://www.transfermarkt.com/fc-liverpool/startseite/verein/31/saison_id/2023;Liverpool;Premier League;2019;107
https://www.transfermarkt.com/nottingham-forest/startseite/verein/703/saison_id/2023;Nottingham Forest;Championship;2018;€50.40m
https://www.transfermarkt.com/manchester-city/startseite/verein/281/saison_id/2023;Manchester City;Premier League;2010;360,3
https://www.transfermarkt.com/manchester-city/startseite/verein/281/saison_id/2023;Manchester City;Premier League;2011;443
https://www.transfermarkt.com/manchester-city/startseite/verein/281/saison_id/2023;Manchester City;Premier League;2013;472,75
https://www.transfermarkt.com/manchester-city/startseite/verein/281/saison_id/2023;Manchester City;Premier League;2015;480,85
https://www.transfermarkt.com/sheffield-united/startseite/verein/350/saison_id/2023;Sheffield United;Championship;2018;€23.65m
https://www.transfermarkt.com/luton-town/startseite/verein/1031/saison_id/2023;Luton Town;League One;2018;€4.18m
https://www.transfermarkt.com/manchester-city/startseite/verein/281/saison_id/2023;Manchester City;Premier League;2012;489,25
https://www.transfermarkt.com/manchester-city/startseite/verein/281/saison_id/2023;Manchester City;Premier League;2016;518
https://www.transfermarkt.com/manchester-city/startseite/verein/281/saison_id/2023;Manchester City;Premier League;2017;606,75
https://www.transfermarkt.com/manchester-city/startseite/verein/281/saison_id/2023;Manchester City;Premier League;2018;106
https://www.transfermarkt.com/manchester-city/startseite/verein/281/saison_id/2023;Manchester City;Premier League;2020;106
https://www.transfermarkt.com/manchester-city/startseite/verein/281/saison_id/2023;Manchester City;Premier League;2019;127
https://www.transfermarkt.com/manchester-united/startseite/verein/985/saison_id/2023;Manchester United;Premier League;2015;369,25
https://www.transfermarkt.com/manchester-united/startseite/verein/985/saison_id/2023;Manchester United;Premier League;2010;369,5
https://www.transfermarkt.com/manchester-united/startseite/verein/985/saison_id/2023;Manchester United;Premier League;2013;389,25
https://www.transfermarkt.com/fc-brentford/startseite/verein/1148/saison_id/2023;Brentford FC;Championship;2019;€49.20m
https://www.transfermarkt.com/manchester-united/startseite/verein/985/saison_id/2023;Manchester United;Premier League;2011;405,3
https://www.transfermarkt.com/manchester-united/startseite/verein/985/saison_id/2023;Manchester United;Premier League;2012;437,65
https://www.transfermarkt.com/manchester-united/startseite/verein/985/saison_id/2023;Manchester United;Premier League;2016;534,25
https://www.transfermarkt.com/nottingham-forest/startseite/verein/703/saison_id/2023;Nottingham Forest;Championship;2019;€74.55m
https://www.transfermarkt.com/manchester-united/startseite/verein/985/saison_id/2023;Manchester United;Premier League;2017;572,75
https://www.transfermarkt.com/manchester-united/startseite/verein/985/saison_id/2023;Manchester United;Premier League;2019;727,25
https://www.transfermarkt.com/fc-fulham/startseite/verein/931/saison_id/2023;Fulham FC;Championship;2019;€142.50m
https://www.transfermarkt.com/manchester-united/startseite/verein/985/saison_id/2023;Manchester United;Premier League;2020;758,1
https://www.transfermarkt.com/manchester-united/startseite/verein/985/saison_id/2023;Manchester United;Premier League;2018;855
https://www.transfermarkt.com/luton-town/startseite/verein/1031/saison_id/2023;Luton Town;Championship;2019;€16.90m
https://www.transfermarkt.com/fc-middlesbrough/startseite/verein/641/saison_id/2023;Middlesbrough;Premier League;2016;105
https://www.transfermarkt.com/newcastle-united/startseite/verein/762/saison_id/2023;Newcastle United;Premier League;2010;78,75
https://www.transfermarkt.com/newcastle-united/startseite/verein/762/saison_id/2023;Newcastle United;Premier League;2011;104,8
https://www.transfermarkt.com/newcastle-united/startseite/verein/762/saison_id/2023;Newcastle United;Premier League;2017;131,25
https://www.transfermarkt.com/newcastle-united/startseite/verein/762/saison_id/2023;Newcastle United;Premier League;2012;154,95
https://www.transfermarkt.com/newcastle-united/startseite/verein/762/saison_id/2023;Newcastle United;Premier League;2015;158,5
https://www.transfermarkt.com/newcastle-united/startseite/verein/762/saison_id/2023;Newcastle United;Premier League;2013;169
https://www.transfermarkt.com/newcastle-united/startseite/verein/762/saison_id/2023;Newcastle United;Premier League;2018;174,7
https://www.transfermarkt.com/newcastle-united/startseite/verein/762/saison_id/2023;Newcastle United;Premier League;2020;228,45
https://www.transfermarkt.com/fc-brentford/startseite/verein/1148/saison_id/2023;Brentford FC;Championship;2020;€66.98m
https://www.transfermarkt.com/newcastle-united/startseite/verein/762/saison_id/2023;Newcastle United;Premier League;2019;252,58
https://www.transfermarkt.com/norwich-city/startseite/verein/1123/saison_id/2023;Norwich City;Premier League;2011;21,83
https://www.transfermarkt.com/norwich-city/startseite/verein/1123/saison_id/2023;Norwich City;Premier League;2012;66,4
https://www.transfermarkt.com/nottingham-forest/startseite/verein/703/saison_id/2023;Nottingham Forest;Championship;2020;€55.00m
https://www.transfermarkt.com/norwich-city/startseite/verein/1123/saison_id/2023;Norwich City;Premier League;2015;70,15
https://www.transfermarkt.com/afc-bournemouth/startseite/verein/989/saison_id/2023;AFC Bournemouth;Championship;2020;€179.70m
https://www.transfermarkt.com/norwich-city/startseite/verein/1123/saison_id/2023;Norwich City;Premier League;2013;86,05
https://www.transfermarkt.com/norwich-city/startseite/verein/1123/saison_id/2023;Norwich City;Premier League;2019;90,6
https://www.transfermarkt.com/queens-park-rangers/startseite/verein/1039/saison_id/2023;Queens Park Rangers;Premier League;2011;50,18
https://www.transfermarkt.com/luton-town/startseite/verein/1031/saison_id/2023;Luton Town;Championship;2020;€10.58m
https://www.transfermarkt.com/fc-southampton/startseite/verein/180/saison_id/2023;Southampton FC;League One;2010;€15.83m
https://www.transfermarkt.com/leicester-city/startseite/verein/1003/saison_id/2023;Leicester City;Championship;2010;€32.85m
https://www.transfermarkt.com/leeds-united/startseite/verein/399/saison_id/2023;Leeds United;Championship;2010;€27.58m
https://www.transfermarkt.com/norwich-city/startseite/verein/1123/saison_id/2023;Norwich City;Championship;2010;€17.18m
https://www.transfermarkt.com/fc-watford/startseite/verein/1010/saison_id/2023;Watford FC;Championship;2010;€10.60m
https://www.transfermarkt.com/fc-middlesbrough/startseite/verein/641/saison_id/2023;Middlesbrough FC;Championship;2010;€41.80m
https://www.transfermarkt.com/hull-city/startseite/verein/3008/saison_id/2023;Hull City;Championship;2010;€33.75m
https://www.transfermarkt.com/queens-park-rangers/startseite/verein/1039/saison_id/2023;Queens Park Rangers;Premier League;2012;116,5
https://www.transfermarkt.com/fc-reading/startseite/verein/1032/saison_id/2023;Reading;Premier League;2012;32,5
https://www.transfermarkt.com/sheffield-united/startseite/verein/350/saison_id/2023;Sheffield United;Premier League;2019;69,4
https://www.transfermarkt.com/swansea-city/startseite/verein/2288/saison_id/2023;Swansea City;Championship;2010;€21.80m
https://www.transfermarkt.com/bristol-city/startseite/verein/698/saison_id/2023;Bristol City;Championship;2010;€21.50m
https://www.transfermarkt.com/cardiff-city/startseite/verein/603/saison_id/2023;Cardiff City;Championship;2010;€34.10m
https://www.transfermarkt.com/sheffield-united/startseite/verein/350/saison_id/2023;Sheffield United;Premier League;2020;137,95
https://www.transfermarkt.com/preston-north-end/startseite/verein/466/saison_id/2023;Preston North End;Championship;2010;€14.08m
https://www.transfermarkt.com/fc-southampton/startseite/verein/180/saison_id/2023;Southampton;Premier League;2012;57,9
https://www.transfermarkt.com/fc-millwall/startseite/verein/1028/saison_id/2023;Millwall FC;Championship;2010;€11.15m
https://www.transfermarkt.com/coventry-city/startseite/verein/990/saison_id/2023;Coventry City;Championship;2010;€16.78m
https://www.transfermarkt.com/queens-park-rangers/startseite/verein/1039/saison_id/2023;Queens Park Rangers;Championship;2010;€32.10m
https://www.transfermarkt.com/huddersfield-town/startseite/verein/1110/saison_id/2023;Huddersfield Town;League One;2010;€11.08m
https://www.transfermarkt.com/ipswich-town/startseite/verein/677/saison_id/2023;Ipswich Town;Championship;2010;€23.55m
https://www.transfermarkt.com/rotherham-united/startseite/verein/1194/saison_id/2023;Rotherham United;League Two;2010;€2.65m
https://www.transfermarkt.com/plymouth-argyle/startseite/verein/2262/saison_id/2023;Plymouth Argyle;League One;2010;€14.55m
https://www.transfermarkt.com/sheffield-wednesday/startseite/verein/1035/saison_id/2023;Sheffield Wednesday;League One;2010;€16.33m
https://www.transfermarkt.com/fc-southampton/startseite/verein/180/saison_id/2023;Southampton FC;Championship;2011;€19.68m
https://www.transfermarkt.com/leicester-city/startseite/verein/1003/saison_id/2023;Leicester City;Championship;2011;€35.18m
https://www.transfermarkt.com/leeds-united/startseite/verein/399/saison_id/2023;Leeds United;Championship;2011;€19.68m
https://www.transfermarkt.com/fc-southampton/startseite/verein/180/saison_id/2023;Southampton;Premier League;2013;108,5
https://www.transfermarkt.com/fc-watford/startseite/verein/1010/saison_id/2023;Watford FC;Championship;2011;€14.33m
https://www.transfermarkt.com/fc-middlesbrough/startseite/verein/641/saison_id/2023;Middlesbrough FC;Championship;2011;€30.63m
https://www.transfermarkt.com/hull-city/startseite/verein/3008/saison_id/2023;Hull City;Championship;2011;€26.15m
https://www.transfermarkt.com/fc-southampton/startseite/verein/180/saison_id/2023;Southampton;Premier League;2015;180,75
https://www.transfermarkt.com/fc-southampton/startseite/verein/180/saison_id/2023;Southampton;Premier League;2016;199
https://www.transfermarkt.com/fc-southampton/startseite/verein/180/saison_id/2023;Southampton;Premier League;2020;211,2
https://www.transfermarkt.com/fc-southampton/startseite/verein/180/saison_id/2023;Southampton;Premier League;2017;249,6
https://www.transfermarkt.com/bristol-city/startseite/verein/698/saison_id/2023;Bristol City;Championship;2011;€19.83m
https://www.transfermarkt.com/cardiff-city/startseite/verein/603/saison_id/2023;Cardiff City;Championship;2011;€28.98m
https://www.transfermarkt.com/birmingham-city/startseite/verein/337/saison_id/2023;Birmingham City;Championship;2011;€42.38m
https://www.transfermarkt.com/preston-north-end/startseite/verein/466/saison_id/2023;Preston North End;League One;2011;€11.05m
https://www.transfermarkt.com/fc-southampton/startseite/verein/180/saison_id/2023;Southampton;Premier League;2018;263,6
https://www.transfermarkt.com/fc-millwall/startseite/verein/1028/saison_id/2023;Millwall FC;Championship;2011;€10.85m
https://www.transfermarkt.com/coventry-city/startseite/verein/990/saison_id/2023;Coventry City;Championship;2011;€10.90m
https://www.transfermarkt.com/fc-southampton/startseite/verein/180/saison_id/2023;Southampton;Premier League;2019;267,7
https://www.transfermarkt.com/huddersfield-town/startseite/verein/1110/saison_id/2023;Huddersfield Town;League One;2011;€9.78m
https://www.transfermarkt.com/ipswich-town/startseite/verein/677/saison_id/2023;Ipswich Town;Championship;2011;€29.55m
https://www.transfermarkt.com/rotherham-united/startseite/verein/1194/saison_id/2023;Rotherham United;League Two;2011;€3.28m
https://www.transfermarkt.com/plymouth-argyle/startseite/verein/2262/saison_id/2023;Plymouth Argyle;League Two;2011;€3.68m
https://www.transfermarkt.com/sheffield-wednesday/startseite/verein/1035/saison_id/2023;Sheffield Wednesday;League One;2011;€14.23m
https://www.transfermarkt.com/stoke-city/startseite/verein/512/saison_id/2023;Stoke City;Premier League;2010;82
https://www.transfermarkt.com/leicester-city/startseite/verein/1003/saison_id/2023;Leicester City;Championship;2012;€30.05m
https://www.transfermarkt.com/leeds-united/startseite/verein/399/saison_id/2023;Leeds United;Championship;2012;€18.25m
https://www.transfermarkt.com/stoke-city/startseite/verein/512/saison_id/2023;Stoke City;Premier League;2011;94
https://www.transfermarkt.com/fc-watford/startseite/verein/1010/saison_id/2023;Watford FC;Championship;2012;€23.43m
https://www.transfermarkt.com/fc-middlesbrough/startseite/verein/641/saison_id/2023;Middlesbrough FC;Championship;2012;€31.65m
https://www.transfermarkt.com/hull-city/startseite/verein/3008/saison_id/2023;Hull City;Championship;2012;€26.80m
https://www.transfermarkt.com/stoke-city/startseite/verein/512/saison_id/2023;Stoke City;Premier League;2012;95,1
https://www.transfermarkt.com/stoke-city/startseite/verein/512/saison_id/2023;Stoke City;Premier League;2013;98,8
https://www.transfermarkt.com/blackburn-rovers/startseite/verein/164/saison_id/2023;Blackburn Rovers;Championship;2012;€51.05m
https://www.transfermarkt.com/stoke-city/startseite/verein/512/saison_id/2023;Stoke City;Premier League;2015;116,25
https://www.transfermarkt.com/bristol-city/startseite/verein/698/saison_id/2023;Bristol City;Championship;2012;€16.05m
https://www.transfermarkt.com/cardiff-city/startseite/verein/603/saison_id/2023;Cardiff City;Championship;2012;€30.70m
https://www.transfermarkt.com/birmingham-city/startseite/verein/337/saison_id/2023;Birmingham City;Championship;2012;€26.25m
https://www.transfermarkt.com/preston-north-end/startseite/verein/466/saison_id/2023;Preston North End;League One;2012;€4.60m
https://www.transfermarkt.com/stoke-city/startseite/verein/512/saison_id/2023;Stoke City;Premier League;2017;158,75
https://www.transfermarkt.com/fc-millwall/startseite/verein/1028/saison_id/2023;Millwall FC;Championship;2012;€13.35m
https://www.transfermarkt.com/coventry-city/startseite/verein/990/saison_id/2023;Coventry City;League One;2012;€9.75m
https://www.transfermarkt.com/stoke-city/startseite/verein/512/saison_id/2023;Stoke City;Premier League;2016;172,25
https://www.transfermarkt.com/huddersfield-town/startseite/verein/1110/saison_id/2023;Huddersfield Town;Championship;2012;€13.33m
https://www.transfermarkt.com/ipswich-town/startseite/verein/677/saison_id/2023;Ipswich Town;Championship;2012;€14.20m
https://www.transfermarkt.com/rotherham-united/startseite/verein/1194/saison_id/2023;Rotherham United;League Two;2012;€5.48m
https://www.transfermarkt.com/plymouth-argyle/startseite/verein/2262/saison_id/2023;Plymouth Argyle;League Two;2012;€3.00m
https://www.transfermarkt.com/sheffield-wednesday/startseite/verein/1035/saison_id/2023;Sheffield Wednesday;Championship;2012;€16.63m
https://www.transfermarkt.com/afc-sunderland/startseite/verein/289/saison_id/2023;Sunderland AFC;Premier League;2016;92,75
https://www.transfermarkt.com/leicester-city/startseite/verein/1003/saison_id/2023;Leicester City;Championship;2013;€29.40m
https://www.transfermarkt.com/leeds-united/startseite/verein/399/saison_id/2023;Leeds United;Championship;2013;€21.00m
https://www.transfermarkt.com/afc-sunderland/startseite/verein/289/saison_id/2023;Sunderland AFC;Premier League;2010;105,25
https://www.transfermarkt.com/fc-watford/startseite/verein/1010/saison_id/2023;Watford FC;Championship;2013;€27.20m
https://www.transfermarkt.com/fc-middlesbrough/startseite/verein/641/saison_id/2023;Middlesbrough FC;Championship;2013;€22.65m
https://www.transfermarkt.com/afc-sunderland/startseite/verein/289/saison_id/2023;Sunderland AFC;Premier League;2012;107
https://www.transfermarkt.com/afc-sunderland/startseite/verein/289/saison_id/2023;Sunderland AFC;Premier League;2013;109,1
https://www.transfermarkt.com/afc-sunderland/startseite/verein/289/saison_id/2023;Sunderland AFC;Premier League;2015;111,75
https://www.transfermarkt.com/blackburn-rovers/startseite/verein/164/saison_id/2023;Blackburn Rovers;Championship;2013;€43.45m
https://www.transfermarkt.com/afc-sunderland/startseite/verein/289/saison_id/2023;Sunderland AFC;Premier League;2011;119,2
https://www.transfermarkt.com/bristol-city/startseite/verein/698/saison_id/2023;Bristol City;League One;2013;€10.70m
https://www.transfermarkt.com/swansea-city/startseite/verein/2288/saison_id/2023;Swansea City;Premier League;2011;29,95
https://www.transfermarkt.com/birmingham-city/startseite/verein/337/saison_id/2023;Birmingham City;Championship;2013;€14.20m
https://www.transfermarkt.com/preston-north-end/startseite/verein/466/saison_id/2023;Preston North End;League One;2013;€5.55m
https://www.transfermarkt.com/swansea-city/startseite/verein/2288/saison_id/2023;Swansea City;Premier League;2012;72
https://www.transfermarkt.com/fc-millwall/startseite/verein/1028/saison_id/2023;Millwall FC;Championship;2013;€16.95m
https://www.transfermarkt.com/coventry-city/startseite/verein/990/saison_id/2023;Coventry City;League One;2013;€5.70m
https://www.transfermarkt.com/queens-park-rangers/startseite/verein/1039/saison_id/2023;Queens Park Rangers;Championship;2013;€51.80m
https://www.transfermarkt.com/huddersfield-town/startseite/verein/1110/saison_id/2023;Huddersfield Town;Championship;2013;€14.25m
https://www.transfermarkt.com/ipswich-town/startseite/verein/677/saison_id/2023;Ipswich Town;Championship;2013;€12.43m
https://www.transfermarkt.com/rotherham-united/startseite/verein/1194/saison_id/2023;Rotherham United;League One;2013;€6.58m
https://www.transfermarkt.com/plymouth-argyle/startseite/verein/2262/saison_id/2023;Plymouth Argyle;League Two;2013;€3.23m
https://www.transfermarkt.com/sheffield-wednesday/startseite/verein/1035/saison_id/2023;Sheffield Wednesday;Championship;2013;€11.75m
https://www.transfermarkt.com/fc-southampton/startseite/verein/180/saison_id/2023;Southampton FC;;2014;-
https://www.transfermarkt.com/leicester-city/startseite/verein/1003/saison_id/2023;Leicester City;;2014;-
https://www.transfermarkt.com/leeds-united/startseite/verein/399/saison_id/2023;Leeds United;;2014;-
https://www.transfermarkt.com/norwich-city/startseite/verein/1123/saison_id/2023;Norwich City;;2014;-
https://www.transfermarkt.com/fc-watford/startseite/verein/1010/saison_id/2023;Watford FC;;2014;-
https://www.transfermarkt.com/fc-middlesbrough/startseite/verein/641/saison_id/2023;Middlesbrough FC;;2014;-
https://www.transfermarkt.com/hull-city/startseite/verein/3008/saison_id/2023;Hull City;;2014;-
https://www.transfermarkt.com/afc-sunderland/startseite/verein/289/saison_id/2023;Sunderland AFC;;2014;-
https://www.transfermarkt.com/west-bromwich-albion/startseite/verein/984/saison_id/2023;West Bromwich Albion;;2014;-
https://www.transfermarkt.com/blackburn-rovers/startseite/verein/164/saison_id/2023;Blackburn Rovers;;2014;-
https://www.transfermarkt.com/swansea-city/startseite/verein/2288/saison_id/2023;Swansea City;;2014;-
https://www.transfermarkt.com/bristol-city/startseite/verein/698/saison_id/2023;Bristol City;;2014;-
https://www.transfermarkt.com/cardiff-city/startseite/verein/603/saison_id/2023;Cardiff City;;2014;-
https://www.transfermarkt.com/birmingham-city/startseite/verein/337/saison_id/2023;Birmingham City;;2014;-
https://www.transfermarkt.com/preston-north-end/startseite/verein/466/saison_id/2023;Preston North End;;2014;-
https://www.transfermarkt.com/stoke-city/startseite/verein/512/saison_id/2023;Stoke City;;2014;-
https://www.transfermarkt.com/fc-millwall/startseite/verein/1028/saison_id/2023;Millwall FC;;2014;-
https://www.transfermarkt.com/coventry-city/startseite/verein/990/saison_id/2023;Coventry City;;2014;-
https://www.transfermarkt.com/queens-park-rangers/startseite/verein/1039/saison_id/2023;Queens Park Rangers;;2014;-
https://www.transfermarkt.com/huddersfield-town/startseite/verein/1110/saison_id/2023;Huddersfield Town;;2014;-
https://www.transfermarkt.com/ipswich-town/startseite/verein/677/saison_id/2023;Ipswich Town;;2014;-
https://www.transfermarkt.com/rotherham-united/startseite/verein/1194/saison_id/2023;Rotherham United;;2014;-
https://www.transfermarkt.com/plymouth-argyle/startseite/verein/2262/saison_id/2023;Plymouth Argyle;;2014;-
https://www.transfermarkt.com/sheffield-wednesday/startseite/verein/1035/saison_id/2023;Sheffield Wednesday;;2014;-
https://www.transfermarkt.com/swansea-city/startseite/verein/2288/saison_id/2023;Swansea City;Premier League;2016;106,05
https://www.transfermarkt.com/swansea-city/startseite/verein/2288/saison_id/2023;Swansea City;Premier League;2013;110,25
https://www.transfermarkt.com/leeds-united/startseite/verein/399/saison_id/2023;Leeds United;Championship;2015;€19.95m
https://www.transfermarkt.com/swansea-city/startseite/verein/2288/saison_id/2023;Swansea City;Premier League;2015;134,5
https://www.transfermarkt.com/swansea-city/startseite/verein/2288/saison_id/2023;Swansea City;Premier League;2017;140,85
https://www.transfermarkt.com/fc-middlesbrough/startseite/verein/641/saison_id/2023;Middlesbrough FC;Championship;2015;€43.30m
https://www.transfermarkt.com/hull-city/startseite/verein/3008/saison_id/2023;Hull City;Championship;2015;€72.38m
https://www.transfermarkt.com/tottenham-hotspur/startseite/verein/148/saison_id/2023;Tottenham Hotspur;Premier League;2012;273
https://www.transfermarkt.com/tottenham-hotspur/startseite/verein/148/saison_id/2023;Tottenham Hotspur;Premier League;2010;282,7
https://www.transfermarkt.com/blackburn-rovers/startseite/verein/164/saison_id/2023;Blackburn Rovers;Championship;2015;€32.50m
https://www.transfermarkt.com/tottenham-hotspur/startseite/verein/148/saison_id/2023;Tottenham Hotspur;Premier League;2015;298
https://www.transfermarkt.com/bristol-city/startseite/verein/698/saison_id/2023;Bristol City;Championship;2015;€8.25m
https://www.transfermarkt.com/cardiff-city/startseite/verein/603/saison_id/2023;Cardiff City;Championship;2015;€44.50m
https://www.transfermarkt.com/birmingham-city/startseite/verein/337/saison_id/2023;Birmingham City;Championship;2015;€15.13m
https://www.transfermarkt.com/preston-north-end/startseite/verein/466/saison_id/2023;Preston North End;Championship;2015;€7.15m
https://www.transfermarkt.com/tottenham-hotspur/startseite/verein/148/saison_id/2023;Tottenham Hotspur;Premier League;2011;301,3
https://www.transfermarkt.com/fc-millwall/startseite/verein/1028/saison_id/2023;Millwall FC;League One;2015;€8.05m
https://www.transfermarkt.com/coventry-city/startseite/verein/990/saison_id/2023;Coventry City;League One;2015;€6.40m
https://www.transfermarkt.com/queens-park-rangers/startseite/verein/1039/saison_id/2023;Queens Park Rangers;Championship;2015;€62.50m
https://www.transfermarkt.com/huddersfield-town/startseite/verein/1110/saison_id/2023;Huddersfield Town;Championship;2015;€14.70m
https://www.transfermarkt.com/ipswich-town/startseite/verein/677/saison_id/2023;Ipswich Town;Championship;2015;€20.55m
https://www.transfermarkt.com/rotherham-united/startseite/verein/1194/saison_id/2023;Rotherham United;Championship;2015;€9.10m
https://www.transfermarkt.com/plymouth-argyle/startseite/verein/2262/saison_id/2023;Plymouth Argyle;League Two;2015;€2.35m
https://www.transfermarkt.com/sheffield-wednesday/startseite/verein/1035/saison_id/2023;Sheffield Wednesday;Championship;2015;€35.70m
https://www.transfermarkt.com/tottenham-hotspur/startseite/verein/148/saison_id/2023;Tottenham Hotspur;Premier League;2016;365,5
https://www.transfermarkt.com/tottenham-hotspur/startseite/verein/148/saison_id/2023;Tottenham Hotspur;Premier League;2013;370,5
https://www.transfermarkt.com/leeds-united/startseite/verein/399/saison_id/2023;Leeds United;Championship;2016;€26.45m
https://www.transfermarkt.com/norwich-city/startseite/verein/1123/saison_id/2023;Norwich City;Championship;2016;€72.55m
https://www.transfermarkt.com/tottenham-hotspur/startseite/verein/148/saison_id/2023;Tottenham Hotspur;Premier League;2017;499,25
https://www.transfermarkt.com/tottenham-hotspur/startseite/verein/148/saison_id/2023;Tottenham Hotspur;Premier League;2020;721,55
https://www.transfermarkt.com/tottenham-hotspur/startseite/verein/148/saison_id/2023;Tottenham Hotspur;Premier League;2018;831,5
https://www.transfermarkt.com/tottenham-hotspur/startseite/verein/148/saison_id/2023;Tottenham Hotspur;Premier League;2019;979,5
https://www.transfermarkt.com/fc-watford/startseite/verein/1010/saison_id/2023;Watford;Premier League;2015;77,75
https://www.transfermarkt.com/blackburn-rovers/startseite/verein/164/saison_id/2023;Blackburn Rovers;Championship;2016;€22.65m
https://www.transfermarkt.com/fc-watford/startseite/verein/1010/saison_id/2023;Watford;Premier League;2016;129,5
https://www.transfermarkt.com/bristol-city/startseite/verein/698/saison_id/2023;Bristol City;Championship;2016;€15.00m
https://www.transfermarkt.com/cardiff-city/startseite/verein/603/saison_id/2023;Cardiff City;Championship;2016;€33.95m
https://www.transfermarkt.com/birmingham-city/startseite/verein/337/saison_id/2023;Birmingham City;Championship;2016;€14.80m
https://www.transfermarkt.com/preston-north-end/startseite/verein/466/saison_id/2023;Preston North End;Championship;2016;€17.95m
https://www.transfermarkt.com/fc-watford/startseite/verein/1010/saison_id/2023;Watford;Premier League;2017;159,5
https://www.transfermarkt.com/fc-millwall/startseite/verein/1028/saison_id/2023;Millwall FC;League One;2016;€6.18m
https://www.transfermarkt.com/coventry-city/startseite/verein/990/saison_id/2023;Coventry City;League One;2016;€5.43m
https://www.transfermarkt.com/queens-park-rangers/startseite/verein/1039/saison_id/2023;Queens Park Rangers;Championship;2016;€45.65m
https://www.transfermarkt.com/huddersfield-town/startseite/verein/1110/saison_id/2023;Huddersfield Town;Championship;2016;€16.15m
https://www.transfermarkt.com/ipswich-town/startseite/verein/677/saison_id/2023;Ipswich Town;Championship;2016;€18.80m
https://www.transfermarkt.com/rotherham-united/startseite/verein/1194/saison_id/2023;Rotherham United;Championship;2016;€12.23m
https://www.transfermarkt.com/plymouth-argyle/startseite/verein/2262/saison_id/2023;Plymouth Argyle;League Two;2016;€4.18m
https://www.transfermarkt.com/sheffield-wednesday/startseite/verein/1035/saison_id/2023;Sheffield Wednesday;Championship;2016;€47.15m
https://www.transfermarkt.com/fc-watford/startseite/verein/1010/saison_id/2023;Watford;Premier League;2018;160,7
https://www.transfermarkt.com/fc-watford/startseite/verein/1010/saison_id/2023;Watford;Premier League;2019;245,35
https://www.transfermarkt.com/leeds-united/startseite/verein/399/saison_id/2023;Leeds United;Championship;2017;€37.95m
https://www.transfermarkt.com/norwich-city/startseite/verein/1123/saison_id/2023;Norwich City;Championship;2017;€57.15m
https://www.transfermarkt.com/west-bromwich-albion/startseite/verein/984/saison_id/2023;West Bromwich Albion;Premier League;2020;69
https://www.transfermarkt.com/fc-middlesbrough/startseite/verein/641/saison_id/2023;Middlesbrough FC;Championship;2017;€74.80m
https://www.transfermarkt.com/hull-city/startseite/verein/3008/saison_id/2023;Hull City;Championship;2017;€64.15m
https://www.transfermarkt.com/afc-sunderland/startseite/verein/289/saison_id/2023;Sunderland AFC;Championship;2017;€58.75m
https://www.transfermarkt.com/west-bromwich-albion/startseite/verein/984/saison_id/2023;West Bromwich Albion;Premier League;2010;71,25
https://www.transfermarkt.com/blackburn-rovers/startseite/verein/164/saison_id/2023;Blackburn Rovers;League One;2017;€15.95m
https://www.transfermarkt.com/west-bromwich-albion/startseite/verein/984/saison_id/2023;West Bromwich Albion;Premier League;2011;76,75
https://www.transfermarkt.com/bristol-city/startseite/verein/698/saison_id/2023;Bristol City;Championship;2017;€21.90m
https://www.transfermarkt.com/cardiff-city/startseite/verein/603/saison_id/2023;Cardiff City;Championship;2017;€32.55m
https://www.transfermarkt.com/birmingham-city/startseite/verein/337/saison_id/2023;Birmingham City;Championship;2017;€35.60m
https://www.transfermarkt.com/preston-north-end/startseite/verein/466/saison_id/2023;Preston North End;Championship;2017;€9.00m
https://www.transfermarkt.com/west-bromwich-albion/startseite/verein/984/saison_id/2023;West Bromwich Albion;Premier League;2013;81,25
https://www.transfermarkt.com/fc-millwall/startseite/verein/1028/saison_id/2023;Millwall FC;Championship;2017;€9.45m
https://www.transfermarkt.com/coventry-city/startseite/verein/990/saison_id/2023;Coventry City;League Two;2017;€4.28m
https://www.transfermarkt.com/queens-park-rangers/startseite/verein/1039/saison_id/2023;Queens Park Rangers;Championship;2017;€37.65m
https://www.transfermarkt.com/west-bromwich-albion/startseite/verein/984/saison_id/2023;West Bromwich Albion;Premier League;2012;84
https://www.transfermarkt.com/ipswich-town/startseite/verein/677/saison_id/2023;Ipswich Town;Championship;2017;€21.35m
https://www.transfermarkt.com/rotherham-united/startseite/verein/1194/saison_id/2023;Rotherham United;League One;2017;€6.38m
https://www.transfermarkt.com/plymouth-argyle/startseite/verein/2262/saison_id/2023;Plymouth Argyle;League One;2017;€5.08m
https://www.transfermarkt.com/sheffield-wednesday/startseite/verein/1035/saison_id/2023;Sheffield Wednesday;Championship;2017;€64.38m
https://www.transfermarkt.com/west-bromwich-albion/startseite/verein/984/saison_id/2023;West Bromwich Albion;Premier League;2015;97,5
https://www.transfermarkt.com/west-bromwich-albion/startseite/verein/984/saison_id/2023;West Bromwich Albion;Premier League;2016;107,6
https://www.transfermarkt.com/leeds-united/startseite/verein/399/saison_id/2023;Leeds United;Championship;2018;€58.85m
https://www.transfermarkt.com/norwich-city/startseite/verein/1123/saison_id/2023;Norwich City;Championship;2018;€47.00m
https://www.transfermarkt.com/west-bromwich-albion/startseite/verein/984/saison_id/2023;West Bromwich Albion;Premier League;2017;147,25
https://www.transfermarkt.com/fc-middlesbrough/startseite/verein/641/saison_id/2023;Middlesbrough FC;Championship;2018;€78.45m
https://www.transfermarkt.com/hull-city/startseite/verein/3008/saison_id/2023;Hull City;Championship;2018;€44.15m
https://www.transfermarkt.com/afc-sunderland/startseite/verein/289/saison_id/2023;Sunderland AFC;League One;2018;€36.70m
https://www.transfermarkt.com/west-bromwich-albion/startseite/verein/984/saison_id/2023;West Bromwich Albion;Championship;2018;€96.65m
https://www.transfermarkt.com/blackburn-rovers/startseite/verein/164/saison_id/2023;Blackburn Rovers;Championship;2018;€22.45m
https://www.transfermarkt.com/swansea-city/startseite/verein/2288/saison_id/2023;Swansea City;Championship;2018;€60.85m
https://www.transfermarkt.com/bristol-city/startseite/verein/698/saison_id/2023;Bristol City;Championship;2018;€35.00m
https://www.transfermarkt.com/west-ham-united/startseite/verein/379/saison_id/2023;West Ham United;Premier League;2012;88,45
https://www.transfermarkt.com/birmingham-city/startseite/verein/337/saison_id/2023;Birmingham City;Championship;2018;€29.95m
https://www.transfermarkt.com/preston-north-end/startseite/verein/466/saison_id/2023;Preston North End;Championship;2018;€12.85m
https://www.transfermarkt.com/stoke-city/startseite/verein/512/saison_id/2023;Stoke City;Championship;2018;€139.25m
https://www.transfermarkt.com/fc-millwall/startseite/verein/1028/saison_id/2023;Millwall FC;Championship;2018;€13.50m
https://www.transfermarkt.com/coventry-city/startseite/verein/990/saison_id/2023;Coventry City;League One;2018;€3.33m
https://www.transfermarkt.com/queens-park-rangers/startseite/verein/1039/saison_id/2023;Queens Park Rangers;Championship;2018;€35.35m
https://www.transfermarkt.com/west-ham-united/startseite/verein/379/saison_id/2023;West Ham United;Premier League;2013;95,75
https://www.transfermarkt.com/ipswich-town/startseite/verein/677/saison_id/2023;Ipswich Town;Championship;2018;€14.58m
https://www.transfermarkt.com/rotherham-united/startseite/verein/1194/saison_id/2023;Rotherham United;Championship;2018;€7.40m
https://www.transfermarkt.com/plymouth-argyle/startseite/verein/2262/saison_id/2023;Plymouth Argyle;League One;2018;€5.95m
https://www.transfermarkt.com/sheffield-wednesday/startseite/verein/1035/saison_id/2023;Sheffield Wednesday;Championship;2018;€52.43m
https://www.transfermarkt.com/west-ham-united/startseite/verein/379/saison_id/2023;West Ham United;Premier League;2010;116,65
https://www.transfermarkt.com/west-ham-united/startseite/verein/379/saison_id/2023;West Ham United;Premier League;2015;139,5
https://www.transfermarkt.com/leeds-united/startseite/verein/399/saison_id/2023;Leeds United;Championship;2019;€92.75m
https://www.transfermarkt.com/west-ham-united/startseite/verein/379/saison_id/2023;West Ham United;Premier League;2017;218,4
https://www.transfermarkt.com/west-ham-united/startseite/verein/379/saison_id/2023;West Ham United;Premier League;2016;241,5
https://www.transfermarkt.com/fc-middlesbrough/startseite/verein/641/saison_id/2023;Middlesbrough FC;Championship;2019;€59.45m
https://www.transfermarkt.com/hull-city/startseite/verein/3008/saison_id/2023;Hull City;Championship;2019;€44.20m
https://www.transfermarkt.com/afc-sunderland/startseite/verein/289/saison_id/2023;Sunderland AFC;League One;2019;€16.30m
https://www.transfermarkt.com/west-bromwich-albion/startseite/verein/984/saison_id/2023;West Bromwich Albion;Championship;2019;€81.35m
https://www.transfermarkt.com/blackburn-rovers/startseite/verein/164/saison_id/2023;Blackburn Rovers;Championship;2019;€38.95m
https://www.transfermarkt.com/swansea-city/startseite/verein/2288/saison_id/2023;Swansea City;Championship;2019;€48.90m
https://www.transfermarkt.com/bristol-city/startseite/verein/698/saison_id/2023;Bristol City;Championship;2019;€57.20m
https://www.transfermarkt.com/cardiff-city/startseite/verein/603/saison_id/2023;Cardiff City;Championship;2019;€76.40m
https://www.transfermarkt.com/birmingham-city/startseite/verein/337/saison_id/2023;Birmingham City;Championship;2019;€36.45m
https://www.transfermarkt.com/preston-north-end/startseite/verein/466/saison_id/2023;Preston North End;Championship;2019;€28.70m
https://www.transfermarkt.com/stoke-city/startseite/verein/512/saison_id/2023;Stoke City;Championship;2019;€105.75m
https://www.transfermarkt.com/fc-millwall/startseite/verein/1028/saison_id/2023;Millwall FC;Championship;2019;€19.80m
https://www.transfermarkt.com/coventry-city/startseite/verein/990/saison_id/2023;Coventry City;League One;2019;€4.08m
https://www.transfermarkt.com/queens-park-rangers/startseite/verein/1039/saison_id/2023;Queens Park Rangers;Championship;2019;€30.90m
https://www.transfermarkt.com/huddersfield-town/startseite/verein/1110/saison_id/2023;Huddersfield Town;Championship;2019;€91.40m
https://www.transfermarkt.com/ipswich-town/startseite/verein/677/saison_id/2023;Ipswich Town;League One;2019;€14.38m
https://www.transfermarkt.com/rotherham-united/startseite/verein/1194/saison_id/2023;Rotherham United;League One;2019;€6.45m
https://www.transfermarkt.com/plymouth-argyle/startseite/verein/2262/saison_id/2023;Plymouth Argyle;League Two;2019;€3.65m
https://www.transfermarkt.com/sheffield-wednesday/startseite/verein/1035/saison_id/2023;Sheffield Wednesday;Championship;2019;€45.18m
https://www.transfermarkt.com/west-ham-united/startseite/verein/379/saison_id/2023;West Ham United;Premier League;2018;285,5
https://www.transfermarkt.com/west-ham-united/startseite/verein/379/saison_id/2023;West Ham United;Premier League;2020;295,15
https://www.transfermarkt.com/west-ham-united/startseite/verein/379/saison_id/2023;West Ham United;Premier League;2019;344,25
https://www.transfermarkt.com/norwich-city/startseite/verein/1123/saison_id/2023;Norwich City;Championship;2020;€153.73m
https://www.transfermarkt.com/fc-watford/startseite/verein/1010/saison_id/2023;Watford FC;Championship;2020;€214.08m
https://www.transfermarkt.com/fc-middlesbrough/startseite/verein/641/saison_id/2023;Middlesbrough FC;Championship;2020;€39.28m
https://www.transfermarkt.com/hull-city/startseite/verein/3008/saison_id/2023;Hull City;League One;2020;€13.63m
https://www.transfermarkt.com/afc-sunderland/startseite/verein/289/saison_id/2023;Sunderland AFC;League One;2020;€8.90m
https://www.transfermarkt.com/wigan-athletic/startseite/verein/1071/saison_id/2023;Wigan Athletic;Premier League;2011;70,8
https://www.transfermarkt.com/blackburn-rovers/startseite/verein/164/saison_id/2023;Blackburn Rovers;Championship;2020;€28.33m
https://www.transfermarkt.com/swansea-city/startseite/verein/2288/saison_id/2023;Swansea City;Championship;2020;€47.98m
https://www.transfermarkt.com/bristol-city/startseite/verein/698/saison_id/2023;Bristol City;Championship;2020;€53.30m
https://www.transfermarkt.com/cardiff-city/startseite/verein/603/saison_id/2023;Cardiff City;Championship;2020;€49.60m
https://www.transfermarkt.com/birmingham-city/startseite/verein/337/saison_id/2023;Birmingham City;Championship;2020;€30.75m
https://www.transfermarkt.com/preston-north-end/startseite/verein/466/saison_id/2023;Preston North End;Championship;2020;€30.25m
https://www.transfermarkt.com/stoke-city/startseite/verein/512/saison_id/2023;Stoke City;Championship;2020;€76.23m
https://www.transfermarkt.com/fc-millwall/startseite/verein/1028/saison_id/2023;Millwall FC;Championship;2020;€26.63m
https://www.transfermarkt.com/coventry-city/startseite/verein/990/saison_id/2023;Coventry City;Championship;2020;€8.00m
https://www.transfermarkt.com/queens-park-rangers/startseite/verein/1039/saison_id/2023;Queens Park Rangers;Championship;2020;€14.63m
https://www.transfermarkt.com/huddersfield-town/startseite/verein/1110/saison_id/2023;Huddersfield Town;Championship;2020;€60.25m
https://www.transfermarkt.com/ipswich-town/startseite/verein/677/saison_id/2023;Ipswich Town;League One;2020;€11.25m
https://www.transfermarkt.com/rotherham-united/startseite/verein/1194/saison_id/2023;Rotherham United;Championship;2020;€6.88m
https://www.transfermarkt.com/plymouth-argyle/startseite/verein/2262/saison_id/2023;Plymouth Argyle;League One;2020;€2.93m
https://www.transfermarkt.com/sheffield-wednesday/startseite/verein/1035/saison_id/2023;Sheffield Wednesday;Championship;2020;€25.28m
https://www.transfermarkt.com/derby-county/startseite/verein/22/saison_id/2023;Derby County;Championship;2010;€15.95m
https://www.transfermarkt.com/fc-reading/startseite/verein/1032/saison_id/2023;Reading FC;Championship;2010;€20.03m
https://www.transfermarkt.com/wigan-athletic/startseite/verein/1071/saison_id/2023;Wigan Athletic;Premier League;2010;72
https://www.transfermarkt.com/peterborough-united/startseite/verein/1072/saison_id/2023;Peterborough United;League One;2010;€8.15m
https://www.transfermarkt.com/fc-barnsley/startseite/verein/349/saison_id/2023;Barnsley FC;Championship;2010;€15.85m
https://www.transfermarkt.com/wigan-athletic/startseite/verein/1071/saison_id/2023;Wigan Athletic;Premier League;2012;73
https://www.transfermarkt.com/wolverhampton-wanderers/startseite/verein/543/saison_id/2023;Wolverhampton Wanderers;Premier League;2010;71
https://www.transfermarkt.com/fc-portsmouth/startseite/verein/1020/saison_id/2023;Portsmouth FC;Championship;2010;€26.55m
https://www.transfermarkt.com/oxford-united/startseite/verein/988/saison_id/2023;Oxford United;League Two;2010;€2.13m
https://www.transfermarkt.com/fleetwood-town/startseite/verein/11177/saison_id/2023;Fleetwood Town;;2010;€2.60m
https://www.transfermarkt.com/charlton-athletic/startseite/verein/358/saison_id/2023;Charlton Athletic;League One;2010;€10.25m
https://www.transfermarkt.com/bristol-rovers/startseite/verein/2455/saison_id/2023;Bristol Rovers;League One;2010;€6.13m
https://www.transfermarkt.com/burton-albion/startseite/verein/2963/saison_id/2023;Burton Albion;League Two;2010;€3.85m
https://www.transfermarkt.com/lincoln-city/startseite/verein/1198/saison_id/2023;Lincoln City;League Two;2010;€3.45m
https://www.transfermarkt.com/wycombe-wanderers/startseite/verein/2805/saison_id/2023;Wycombe Wanderers;League Two;2010;€3.80m
https://www.transfermarkt.com/cambridge-united/startseite/verein/986/saison_id/2023;Cambridge United;;2010;€800k
https://www.transfermarkt.com/exeter-city/startseite/verein/6699/saison_id/2023;Exeter City;League One;2010;€5.70m
https://www.transfermarkt.com/shrewsbury-town/startseite/verein/3054/saison_id/2023;Shrewsbury Town;League Two;2010;€5.73m
https://www.transfermarkt.com/northampton-town/startseite/verein/1302/saison_id/2023;Northampton Town;League Two;2010;€3.68m
https://www.transfermarkt.com/leyton-orient/startseite/verein/1150/saison_id/2023;Leyton Orient;League One;2010;€6.73m
https://www.transfermarkt.com/fc-port-vale/startseite/verein/1211/saison_id/2023;Port Vale FC;League Two;2010;€2.55m
https://www.transfermarkt.com/carlisle-united/startseite/verein/1220/saison_id/2023;Carlisle United;League One;2010;€5.78m
https://www.transfermarkt.com/cheltenham-town/startseite/verein/3371/saison_id/2023;Cheltenham Town;League Two;2010;€1.75m
https://www.transfermarkt.com/fc-stevenage/startseite/verein/3684/saison_id/2023;Stevenage FC;League Two;2010;€3.73m
https://www.transfermarkt.com/derby-county/startseite/verein/22/saison_id/2023;Derby County;Championship;2011;€17.30m
https://www.transfermarkt.com/fc-reading/startseite/verein/1032/saison_id/2023;Reading FC;Championship;2011;€19.43m
https://www.transfermarkt.com/fc-blackpool/startseite/verein/1181/saison_id/2023;Blackpool FC;Championship;2011;€28.20m
https://www.transfermarkt.com/peterborough-united/startseite/verein/1072/saison_id/2023;Peterborough United;Championship;2011;€6.93m
https://www.transfermarkt.com/fc-barnsley/startseite/verein/349/saison_id/2023;Barnsley FC;Championship;2011;€12.43m
https://www.transfermarkt.com/wolverhampton-wanderers/startseite/verein/543/saison_id/2023;Wolverhampton Wanderers;Premier League;2011;75
https://www.transfermarkt.com/wolverhampton-wanderers/startseite/verein/543/saison_id/2023;Wolverhampton Wanderers;Premier League;2018;194,25
https://www.transfermarkt.com/fc-portsmouth/startseite/verein/1020/saison_id/2023;Portsmouth FC;Championship;2011;€26.53m
https://www.transfermarkt.com/oxford-united/startseite/verein/988/saison_id/2023;Oxford United;League Two;2011;€5.25m
https://www.transfermarkt.com/fleetwood-town/startseite/verein/11177/saison_id/2023;Fleetwood Town;National League;2011;€900k
https://www.transfermarkt.com/charlton-athletic/startseite/verein/358/saison_id/2023;Charlton Athletic;League One;2011;€10.48m
https://www.transfermarkt.com/bristol-rovers/startseite/verein/2455/saison_id/2023;Bristol Rovers;League Two;2011;€4.55m
https://www.transfermarkt.com/burton-albion/startseite/verein/2963/saison_id/2023;Burton Albion;League Two;2011;€3.35m
https://www.transfermarkt.com/lincoln-city/startseite/verein/1198/saison_id/2023;Lincoln City;National League;2011;€1.53m
https://www.transfermarkt.com/wycombe-wanderers/startseite/verein/2805/saison_id/2023;Wycombe Wanderers;League One;2011;€3.53m
https://www.transfermarkt.com/cambridge-united/startseite/verein/986/saison_id/2023;Cambridge United;National League;2011;€850k
https://www.transfermarkt.com/exeter-city/startseite/verein/6699/saison_id/2023;Exeter City;League One;2011;€5.28m
https://www.transfermarkt.com/shrewsbury-town/startseite/verein/3054/saison_id/2023;Shrewsbury Town;League Two;2011;€3.60m
https://www.transfermarkt.com/northampton-town/startseite/verein/1302/saison_id/2023;Northampton Town;League Two;2011;€3.63m
https://www.transfermarkt.com/leyton-orient/startseite/verein/1150/saison_id/2023;Leyton Orient;League One;2011;€4.95m
https://www.transfermarkt.com/fc-port-vale/startseite/verein/1211/saison_id/2023;Port Vale FC;League Two;2011;€2.53m
https://www.transfermarkt.com/carlisle-united/startseite/verein/1220/saison_id/2023;Carlisle United;League One;2011;€6.75m
https://www.transfermarkt.com/cheltenham-town/startseite/verein/3371/saison_id/2023;Cheltenham Town;League Two;2011;€2.78m
https://www.transfermarkt.com/fc-stevenage/startseite/verein/3684/saison_id/2023;Stevenage FC;League One;2011;€3.08m
https://www.transfermarkt.com/derby-county/startseite/verein/22/saison_id/2023;Derby County;Championship;2012;€10.25m
https://www.transfermarkt.com/wolverhampton-wanderers/startseite/verein/543/saison_id/2023;Wolverhampton Wanderers;Premier League;2019;309,6
https://www.transfermarkt.com/fc-blackpool/startseite/verein/1181/saison_id/2023;Blackpool FC;Championship;2012;€24.78m
https://www.transfermarkt.com/peterborough-united/startseite/verein/1072/saison_id/2023;Peterborough United;Championship;2012;€9.18m
https://www.transfermarkt.com/fc-barnsley/startseite/verein/349/saison_id/2023;Barnsley FC;Championship;2012;€9.50m
https://www.transfermarkt.com/bolton-wanderers/startseite/verein/355/saison_id/2023;Bolton Wanderers;Championship;2012;€54.30m
https://www.transfermarkt.com/wolverhampton-wanderers/startseite/verein/543/saison_id/2023;Wolverhampton Wanderers;Premier League;2020;318,8
https://www.transfermarkt.com/fc-portsmouth/startseite/verein/1020/saison_id/2023;Portsmouth FC;League One;2012;€7.15m
https://www.transfermarkt.com/oxford-united/startseite/verein/988/saison_id/2023;Oxford United;League Two;2012;€4.50m
https://www.transfermarkt.com/fleetwood-town/startseite/verein/11177/saison_id/2023;Fleetwood Town;League Two;2012;€2.88m
https://www.transfermarkt.com/charlton-athletic/startseite/verein/358/saison_id/2023;Charlton Athletic;Championship;2012;€9.13m
https://www.transfermarkt.com/bristol-rovers/startseite/verein/2455/saison_id/2023;Bristol Rovers;League Two;2012;€4.55m
https://www.transfermarkt.com/burton-albion/startseite/verein/2963/saison_id/2023;Burton Albion;League Two;2012;€2.76m
https://www.transfermarkt.com/lincoln-city/startseite/verein/1198/saison_id/2023;Lincoln City;National League;2012;€875k
https://www.transfermarkt.com/wycombe-wanderers/startseite/verein/2805/saison_id/2023;Wycombe Wanderers;League Two;2012;€4.43m
https://www.transfermarkt.com/cambridge-united/startseite/verein/986/saison_id/2023;Cambridge United;National League;2012;€575k
https://www.transfermarkt.com/exeter-city/startseite/verein/6699/saison_id/2023;Exeter City;League Two;2012;€4.18m
https://www.transfermarkt.com/shrewsbury-town/startseite/verein/3054/saison_id/2023;Shrewsbury Town;League One;2012;€4.50m
https://www.transfermarkt.com/northampton-town/startseite/verein/1302/saison_id/2023;Northampton Town;League Two;2012;€3.70m
https://www.transfermarkt.com/leyton-orient/startseite/verein/1150/saison_id/2023;Leyton Orient;League One;2012;€5.75m
https://www.transfermarkt.com/fc-port-vale/startseite/verein/1211/saison_id/2023;Port Vale FC;League Two;2012;€2.03m
https://www.transfermarkt.com/carlisle-united/startseite/verein/1220/saison_id/2023;Carlisle United;League One;2012;€3.75m
https://www.transfermarkt.com/cheltenham-town/startseite/verein/3371/saison_id/2023;Cheltenham Town;League Two;2012;€2.35m
https://www.transfermarkt.com/fc-stevenage/startseite/verein/3684/saison_id/2023;Stevenage FC;League One;2012;€4.63m
https://www.transfermarkt.com/derby-county/startseite/verein/22/saison_id/2023;Derby County;Championship;2013;€18.30m
https://www.transfermarkt.com/fc-reading/startseite/verein/1032/saison_id/2023;Reading FC;Championship;2013;€39.80m
https://www.transfermarkt.com/fc-blackpool/startseite/verein/1181/saison_id/2023;Blackpool FC;Championship;2013;€19.13m
https://www.transfermarkt.com/peterborough-united/startseite/verein/1072/saison_id/2023;Peterborough United;League One;2013;€7.75m
https://www.transfermarkt.com/fc-barnsley/startseite/verein/349/saison_id/2023;Barnsley FC;Championship;2013;€10.13m
https://www.transfermarkt.com/bolton-wanderers/startseite/verein/355/saison_id/2023;Bolton Wanderers;Championship;2013;€41.20m
https://www.transfermarkt.com/wigan-athletic/startseite/verein/1071/saison_id/2023;Wigan Athletic;Championship;2013;€63.70m
https://www.transfermarkt.com/fc-portsmouth/startseite/verein/1020/saison_id/2023;Portsmouth FC;League Two;2013;€3.55m
https://www.transfermarkt.com/oxford-united/startseite/verein/988/saison_id/2023;Oxford United;League Two;2013;€2.63m
https://www.transfermarkt.com/fleetwood-town/startseite/verein/11177/saison_id/2023;Fleetwood Town;League Two;2013;€3.20m
https://www.transfermarkt.com/charlton-athletic/startseite/verein/358/saison_id/2023;Charlton Athletic;Championship;2013;€11.00m
https://www.transfermarkt.com/bristol-rovers/startseite/verein/2455/saison_id/2023;Bristol Rovers;League Two;2013;€2.88m
https://www.transfermarkt.com/burton-albion/startseite/verein/2963/saison_id/2023;Burton Albion;League Two;2013;€2.76m
https://www.transfermarkt.com/lincoln-city/startseite/verein/1198/saison_id/2023;Lincoln City;National League;2013;€600k
https://www.transfermarkt.com/wycombe-wanderers/startseite/verein/2805/saison_id/2023;Wycombe Wanderers;League Two;2013;€2.93m
https://www.transfermarkt.com/cambridge-united/startseite/verein/986/saison_id/2023;Cambridge United;National League;2013;€550k
https://www.transfermarkt.com/exeter-city/startseite/verein/6699/saison_id/2023;Exeter City;League Two;2013;€3.45m
https://www.transfermarkt.com/shrewsbury-town/startseite/verein/3054/saison_id/2023;Shrewsbury Town;League One;2013;€3.50m
https://www.transfermarkt.com/northampton-town/startseite/verein/1302/saison_id/2023;Northampton Town;League Two;2013;€3.73m
https://www.transfermarkt.com/leyton-orient/startseite/verein/1150/saison_id/2023;Leyton Orient;League One;2013;€3.78m
https://www.transfermarkt.com/fc-port-vale/startseite/verein/1211/saison_id/2023;Port Vale FC;League One;2013;€3.83m
https://www.transfermarkt.com/carlisle-united/startseite/verein/1220/saison_id/2023;Carlisle United;League One;2013;€3.75m
https://www.transfermarkt.com/cheltenham-town/startseite/verein/3371/saison_id/2023;Cheltenham Town;League Two;2013;€2.33m
https://www.transfermarkt.com/fc-stevenage/startseite/verein/3684/saison_id/2023;Stevenage FC;League One;2013;€4.55m
https://www.transfermarkt.com/derby-county/startseite/verein/22/saison_id/2023;Derby County;;2014;-
https://www.transfermarkt.com/fc-reading/startseite/verein/1032/saison_id/2023;Reading FC;;2014;-
https://www.transfermarkt.com/fc-blackpool/startseite/verein/1181/saison_id/2023;Blackpool FC;;2014;-
https://www.transfermarkt.com/peterborough-united/startseite/verein/1072/saison_id/2023;Peterborough United;;2014;-
https://www.transfermarkt.com/fc-barnsley/startseite/verein/349/saison_id/2023;Barnsley FC;;2014;-
https://www.transfermarkt.com/bolton-wanderers/startseite/verein/355/saison_id/2023;Bolton Wanderers;;2014;-
https://www.transfermarkt.com/wigan-athletic/startseite/verein/1071/saison_id/2023;Wigan Athletic;;2014;-
https://www.transfermarkt.com/fc-portsmouth/startseite/verein/1020/saison_id/2023;Portsmouth FC;;2014;-
https://www.transfermarkt.com/oxford-united/startseite/verein/988/saison_id/2023;Oxford United;;2014;-
https://www.transfermarkt.com/fleetwood-town/startseite/verein/11177/saison_id/2023;Fleetwood Town;;2014;-
https://www.transfermarkt.com/charlton-athletic/startseite/verein/358/saison_id/2023;Charlton Athletic;;2014;-
https://www.transfermarkt.com/bristol-rovers/startseite/verein/2455/saison_id/2023;Bristol Rovers;;2014;-
https://www.transfermarkt.com/burton-albion/startseite/verein/2963/saison_id/2023;Burton Albion;;2014;-
https://www.transfermarkt.com/lincoln-city/startseite/verein/1198/saison_id/2023;Lincoln City;;2014;-
https://www.transfermarkt.com/wycombe-wanderers/startseite/verein/2805/saison_id/2023;Wycombe Wanderers;;2014;-
https://www.transfermarkt.com/cambridge-united/startseite/verein/986/saison_id/2023;Cambridge United;;2014;-
https://www.transfermarkt.com/exeter-city/startseite/verein/6699/saison_id/2023;Exeter City;;2014;-
https://www.transfermarkt.com/shrewsbury-town/startseite/verein/3054/saison_id/2023;Shrewsbury Town;;2014;-
https://www.transfermarkt.com/northampton-town/startseite/verein/1302/saison_id/2023;Northampton Town;;2014;-
https://www.transfermarkt.com/leyton-orient/startseite/verein/1150/saison_id/2023;Leyton Orient;;2014;-
https://www.transfermarkt.com/fc-port-vale/startseite/verein/1211/saison_id/2023;Port Vale FC;;2014;-
https://www.transfermarkt.com/carlisle-united/startseite/verein/1220/saison_id/2023;Carlisle United;;2014;-
https://www.transfermarkt.com/cheltenham-town/startseite/verein/3371/saison_id/2023;Cheltenham Town;;2014;-
https://www.transfermarkt.com/fc-stevenage/startseite/verein/3684/saison_id/2023;Stevenage FC;;2014;-
https://www.transfermarkt.com/derby-county/startseite/verein/22/saison_id/2023;Derby County;Championship;2015;€43.60m
https://www.transfermarkt.com/fc-reading/startseite/verein/1032/saison_id/2023;Reading FC;Championship;2015;€28.35m
https://www.transfermarkt.com/fc-blackpool/startseite/verein/1181/saison_id/2023;Blackpool FC;League One;2015;€2.93m
https://www.transfermarkt.com/peterborough-united/startseite/verein/1072/saison_id/2023;Peterborough United;League One;2015;€5.98m
https://www.transfermarkt.com/fc-barnsley/startseite/verein/349/saison_id/2023;Barnsley FC;League One;2015;€2.58m
https://www.transfermarkt.com/bolton-wanderers/startseite/verein/355/saison_id/2023;Bolton Wanderers;Championship;2015;€19.63m
https://www.transfermarkt.com/wigan-athletic/startseite/verein/1071/saison_id/2023;Wigan Athletic;League One;2015;€10.35m
https://www.transfermarkt.com/fc-portsmouth/startseite/verein/1020/saison_id/2023;Portsmouth FC;League Two;2015;€4.40m
https://www.transfermarkt.com/oxford-united/startseite/verein/988/saison_id/2023;Oxford United;League Two;2015;€2.38m
https://www.transfermarkt.com/fleetwood-town/startseite/verein/11177/saison_id/2023;Fleetwood Town;League One;2015;€3.03m
https://www.transfermarkt.com/charlton-athletic/startseite/verein/358/saison_id/2023;Charlton Athletic;Championship;2015;€20.85m
https://www.transfermarkt.com/bristol-rovers/startseite/verein/2455/saison_id/2023;Bristol Rovers;League Two;2015;€1.25m
https://www.transfermarkt.com/burton-albion/startseite/verein/2963/saison_id/2023;Burton Albion;League One;2015;€3.46m
https://www.transfermarkt.com/lincoln-city/startseite/verein/1198/saison_id/2023;Lincoln City;National League;2015;€750k
https://www.transfermarkt.com/wycombe-wanderers/startseite/verein/2805/saison_id/2023;Wycombe Wanderers;League Two;2015;€2.25m
https://www.transfermarkt.com/cambridge-united/startseite/verein/986/saison_id/2023;Cambridge United;League Two;2015;€2.63m
https://www.transfermarkt.com/exeter-city/startseite/verein/6699/saison_id/2023;Exeter City;League Two;2015;€4.10m
https://www.transfermarkt.com/shrewsbury-town/startseite/verein/3054/saison_id/2023;Shrewsbury Town;League One;2015;€3.78m
https://www.transfermarkt.com/northampton-town/startseite/verein/1302/saison_id/2023;Northampton Town;League Two;2015;€3.83m
https://www.transfermarkt.com/leyton-orient/startseite/verein/1150/saison_id/2023;Leyton Orient;League Two;2015;€3.75m
https://www.transfermarkt.com/fc-port-vale/startseite/verein/1211/saison_id/2023;Port Vale FC;League One;2015;€3.33m
https://www.transfermarkt.com/carlisle-united/startseite/verein/1220/saison_id/2023;Carlisle United;League Two;2015;€2.35m
https://www.transfermarkt.com/cheltenham-town/startseite/verein/3371/saison_id/2023;Cheltenham Town;National League;2015;€625k
https://www.transfermarkt.com/fc-stevenage/startseite/verein/3684/saison_id/2023;Stevenage FC;League Two;2015;€2.28m
https://www.transfermarkt.com/derby-county/startseite/verein/22/saison_id/2023;Derby County;Championship;2016;€62.20m
https://www.transfermarkt.com/fc-reading/startseite/verein/1032/saison_id/2023;Reading FC;Championship;2016;€25.45m
https://www.transfermarkt.com/fc-blackpool/startseite/verein/1181/saison_id/2023;Blackpool FC;League Two;2016;€3.53m
https://www.transfermarkt.com/peterborough-united/startseite/verein/1072/saison_id/2023;Peterborough United;League One;2016;€3.98m
https://www.transfermarkt.com/fc-barnsley/startseite/verein/349/saison_id/2023;Barnsley FC;Championship;2016;€5.70m
https://www.transfermarkt.com/bolton-wanderers/startseite/verein/355/saison_id/2023;Bolton Wanderers;League One;2016;€17.90m
https://www.transfermarkt.com/wigan-athletic/startseite/verein/1071/saison_id/2023;Wigan Athletic;Championship;2016;€20.58m
https://www.transfermarkt.com/fc-portsmouth/startseite/verein/1020/saison_id/2023;Portsmouth FC;League Two;2016;€4.05m
https://www.transfermarkt.com/oxford-united/startseite/verein/988/saison_id/2023;Oxford United;League One;2016;€4.55m
https://www.transfermarkt.com/fleetwood-town/startseite/verein/11177/saison_id/2023;Fleetwood Town;League One;2016;€4.78m
https://www.transfermarkt.com/charlton-athletic/startseite/verein/358/saison_id/2023;Charlton Athletic;League One;2016;€13.90m
https://www.transfermarkt.com/bristol-rovers/startseite/verein/2455/saison_id/2023;Bristol Rovers;League One;2016;€3.08m
https://www.transfermarkt.com/burton-albion/startseite/verein/2963/saison_id/2023;Burton Albion;Championship;2016;€9.08m
https://www.transfermarkt.com/lincoln-city/startseite/verein/1198/saison_id/2023;Lincoln City;National League;2016;€825k
https://www.transfermarkt.com/wycombe-wanderers/startseite/verein/2805/saison_id/2023;Wycombe Wanderers;League Two;2016;€3.45m
https://www.transfermarkt.com/cambridge-united/startseite/verein/986/saison_id/2023;Cambridge United;League Two;2016;€2.98m
https://www.transfermarkt.com/exeter-city/startseite/verein/6699/saison_id/2023;Exeter City;League Two;2016;€3.63m
https://www.transfermarkt.com/shrewsbury-town/startseite/verein/3054/saison_id/2023;Shrewsbury Town;League One;2016;€5.48m
https://www.transfermarkt.com/northampton-town/startseite/verein/1302/saison_id/2023;Northampton Town;League One;2016;€5.75m
https://www.transfermarkt.com/leyton-orient/startseite/verein/1150/saison_id/2023;Leyton Orient;League Two;2016;€5.90m
https://www.transfermarkt.com/fc-port-vale/startseite/verein/1211/saison_id/2023;Port Vale FC;League One;2016;€4.88m
https://www.transfermarkt.com/carlisle-united/startseite/verein/1220/saison_id/2023;Carlisle United;League Two;2016;€2.70m
https://www.transfermarkt.com/cheltenham-town/startseite/verein/3371/saison_id/2023;Cheltenham Town;League Two;2016;€1.38m
https://www.transfermarkt.com/fc-stevenage/startseite/verein/3684/saison_id/2023;Stevenage FC;League Two;2016;€2.63m
https://www.transfermarkt.com/derby-county/startseite/verein/22/saison_id/2023;Derby County;Championship;2017;€61.60m
https://www.transfermarkt.com/fc-reading/startseite/verein/1032/saison_id/2023;Reading FC;Championship;2017;€39.50m
https://www.transfermarkt.com/fc-blackpool/startseite/verein/1181/saison_id/2023;Blackpool FC;League One;2017;€3.93m
https://www.transfermarkt.com/peterborough-united/startseite/verein/1072/saison_id/2023;Peterborough United;League One;2017;€4.58m
https://www.transfermarkt.com/fc-barnsley/startseite/verein/349/saison_id/2023;Barnsley FC;Championship;2017;€11.23m
https://www.transfermarkt.com/bolton-wanderers/startseite/verein/355/saison_id/2023;Bolton Wanderers;Championship;2017;€20.30m
https://www.transfermarkt.com/wigan-athletic/startseite/verein/1071/saison_id/2023;Wigan Athletic;League One;2017;€13.08m
https://www.transfermarkt.com/fc-portsmouth/startseite/verein/1020/saison_id/2023;Portsmouth FC;League One;2017;€5.18m
https://www.transfermarkt.com/oxford-united/startseite/verein/988/saison_id/2023;Oxford United;League One;2017;€7.13m
https://www.transfermarkt.com/fleetwood-town/startseite/verein/11177/saison_id/2023;Fleetwood Town;League One;2017;€4.88m
https://www.transfermarkt.com/charlton-athletic/startseite/verein/358/saison_id/2023;Charlton Athletic;League One;2017;€9.10m
https://www.transfermarkt.com/bristol-rovers/startseite/verein/2455/saison_id/2023;Bristol Rovers;League One;2017;€2.80m
https://www.transfermarkt.com/burton-albion/startseite/verein/2963/saison_id/2023;Burton Albion;Championship;2017;€12.50m
https://www.transfermarkt.com/lincoln-city/startseite/verein/1198/saison_id/2023;Lincoln City;League Two;2017;€1.78m
https://www.transfermarkt.com/wycombe-wanderers/startseite/verein/2805/saison_id/2023;Wycombe Wanderers;League Two;2017;€3.08m
https://www.transfermarkt.com/cambridge-united/startseite/verein/986/saison_id/2023;Cambridge United;League Two;2017;€2.43m
https://www.transfermarkt.com/exeter-city/startseite/verein/6699/saison_id/2023;Exeter City;League Two;2017;€4.28m
https://www.transfermarkt.com/shrewsbury-town/startseite/verein/3054/saison_id/2023;Shrewsbury Town;League One;2017;€2.28m
https://www.transfermarkt.com/northampton-town/startseite/verein/1302/saison_id/2023;Northampton Town;League One;2017;€7.20m
https://www.transfermarkt.com/leyton-orient/startseite/verein/1150/saison_id/2023;Leyton Orient;National League;2017;€2.43m
https://www.transfermarkt.com/fc-port-vale/startseite/verein/1211/saison_id/2023;Port Vale FC;League Two;2017;€3.10m
https://www.transfermarkt.com/carlisle-united/startseite/verein/1220/saison_id/2023;Carlisle United;League Two;2017;€2.25m
https://www.transfermarkt.com/cheltenham-town/startseite/verein/3371/saison_id/2023;Cheltenham Town;League Two;2017;€2.85m
https://www.transfermarkt.com/fc-stevenage/startseite/verein/3684/saison_id/2023;Stevenage FC;League Two;2017;€2.10m
https://www.transfermarkt.com/derby-county/startseite/verein/22/saison_id/2023;Derby County;Championship;2018;€57.40m
https://www.transfermarkt.com/fc-reading/startseite/verein/1032/saison_id/2023;Reading FC;Championship;2018;€47.03m
https://www.transfermarkt.com/fc-blackpool/startseite/verein/1181/saison_id/2023;Blackpool FC;League One;2018;€4.83m
https://www.transfermarkt.com/peterborough-united/startseite/verein/1072/saison_id/2023;Peterborough United;League One;2018;€4.85m
https://www.transfermarkt.com/fc-barnsley/startseite/verein/349/saison_id/2023;Barnsley FC;League One;2018;€10.55m
https://www.transfermarkt.com/bolton-wanderers/startseite/verein/355/saison_id/2023;Bolton Wanderers;Championship;2018;€20.85m
https://www.transfermarkt.com/wigan-athletic/startseite/verein/1071/saison_id/2023;Wigan Athletic;Championship;2018;€17.55m
https://www.transfermarkt.com/fc-portsmouth/startseite/verein/1020/saison_id/2023;Portsmouth FC;League One;2018;€5.50m
https://www.transfermarkt.com/oxford-united/startseite/verein/988/saison_id/2023;Oxford United;League One;2018;€6.70m
https://www.transfermarkt.com/fleetwood-town/startseite/verein/11177/saison_id/2023;Fleetwood Town;League One;2018;€8.40m
https://www.transfermarkt.com/charlton-athletic/startseite/verein/358/saison_id/2023;Charlton Athletic;League One;2018;€10.65m
https://www.transfermarkt.com/bristol-rovers/startseite/verein/2455/saison_id/2023;Bristol Rovers;League One;2018;€4.08m
https://www.transfermarkt.com/burton-albion/startseite/verein/2963/saison_id/2023;Burton Albion;League One;2018;€6.53m
https://www.transfermarkt.com/lincoln-city/startseite/verein/1198/saison_id/2023;Lincoln City;League Two;2018;€4.55m
https://www.transfermarkt.com/wycombe-wanderers/startseite/verein/2805/saison_id/2023;Wycombe Wanderers;League One;2018;€4.33m
https://www.transfermarkt.com/cambridge-united/startseite/verein/986/saison_id/2023;Cambridge United;League Two;2018;€2.20m
https://www.transfermarkt.com/exeter-city/startseite/verein/6699/saison_id/2023;Exeter City;League Two;2018;€3.38m
https://www.transfermarkt.com/shrewsbury-town/startseite/verein/3054/saison_id/2023;Shrewsbury Town;League One;2018;€3.68m
https://www.transfermarkt.com/northampton-town/startseite/verein/1302/saison_id/2023;Northampton Town;League Two;2018;€4.25m
https://www.transfermarkt.com/leyton-orient/startseite/verein/1150/saison_id/2023;Leyton Orient;National League;2018;€2.25m
https://www.transfermarkt.com/fc-port-vale/startseite/verein/1211/saison_id/2023;Port Vale FC;League Two;2018;€2.18m
https://www.transfermarkt.com/carlisle-united/startseite/verein/1220/saison_id/2023;Carlisle United;League Two;2018;€2.60m
https://www.transfermarkt.com/cheltenham-town/startseite/verein/3371/saison_id/2023;Cheltenham Town;League Two;2018;€2.40m
https://www.transfermarkt.com/fc-stevenage/startseite/verein/3684/saison_id/2023;Stevenage FC;League Two;2018;€1.90m
https://www.transfermarkt.com/derby-county/startseite/verein/22/saison_id/2023;Derby County;Championship;2019;€52.80m
https://www.transfermarkt.com/fc-reading/startseite/verein/1032/saison_id/2023;Reading FC;Championship;2019;€48.05m
https://www.transfermarkt.com/fc-blackpool/startseite/verein/1181/saison_id/2023;Blackpool FC;League One;2019;€7.18m
https://www.transfermarkt.com/peterborough-united/startseite/verein/1072/saison_id/2023;Peterborough United;League One;2019;€6.25m
https://www.transfermarkt.com/fc-barnsley/startseite/verein/349/saison_id/2023;Barnsley FC;Championship;2019;€8.65m
https://www.transfermarkt.com/bolton-wanderers/startseite/verein/355/saison_id/2023;Bolton Wanderers;League One;2019;€3.55m
https://www.transfermarkt.com/wigan-athletic/startseite/verein/1071/saison_id/2023;Wigan Athletic;Championship;2019;€20.73m
https://www.transfermarkt.com/fc-portsmouth/startseite/verein/1020/saison_id/2023;Portsmouth FC;League One;2019;€6.05m
https://www.transfermarkt.com/oxford-united/startseite/verein/988/saison_id/2023;Oxford United;League One;2019;€12.85m
https://www.transfermarkt.com/fleetwood-town/startseite/verein/11177/saison_id/2023;Fleetwood Town;League One;2019;€7.33m
https://www.transfermarkt.com/charlton-athletic/startseite/verein/358/saison_id/2023;Charlton Athletic;Championship;2019;€14.30m
https://www.transfermarkt.com/bristol-rovers/startseite/verein/2455/saison_id/2023;Bristol Rovers;League One;2019;€3.75m
https://www.transfermarkt.com/burton-albion/startseite/verein/2963/saison_id/2023;Burton Albion;League One;2019;€4.63m
https://www.transfermarkt.com/lincoln-city/startseite/verein/1198/saison_id/2023;Lincoln City;League One;2019;€6.78m
https://www.transfermarkt.com/wycombe-wanderers/startseite/verein/2805/saison_id/2023;Wycombe Wanderers;League One;2019;€3.73m
https://www.transfermarkt.com/cambridge-united/startseite/verein/986/saison_id/2023;Cambridge United;League Two;2019;€2.05m
https://www.transfermarkt.com/exeter-city/startseite/verein/6699/saison_id/2023;Exeter City;League Two;2019;€3.90m
https://www.transfermarkt.com/shrewsbury-town/startseite/verein/3054/saison_id/2023;Shrewsbury Town;League One;2019;€5.95m
https://www.transfermarkt.com/northampton-town/startseite/verein/1302/saison_id/2023;Northampton Town;League Two;2019;€2.58m
https://www.transfermarkt.com/leyton-orient/startseite/verein/1150/saison_id/2023;Leyton Orient;League Two;2019;€1.93m
https://www.transfermarkt.com/fc-port-vale/startseite/verein/1211/saison_id/2023;Port Vale FC;League Two;2019;€2.45m
https://www.transfermarkt.com/carlisle-united/startseite/verein/1220/saison_id/2023;Carlisle United;League Two;2019;€2.58m
https://www.transfermarkt.com/cheltenham-town/startseite/verein/3371/saison_id/2023;Cheltenham Town;League Two;2019;€2.68m
https://www.transfermarkt.com/fc-stevenage/startseite/verein/3684/saison_id/2023;Stevenage FC;League Two;2019;€2.23m
https://www.transfermarkt.com/derby-county/startseite/verein/22/saison_id/2023;Derby County;Championship;2020;€42.73m
https://www.transfermarkt.com/fc-reading/startseite/verein/1032/saison_id/2023;Reading FC;Championship;2020;€33.65m
https://www.transfermarkt.com/fc-blackpool/startseite/verein/1181/saison_id/2023;Blackpool FC;League One;2020;€6.55m
https://www.transfermarkt.com/peterborough-united/startseite/verein/1072/saison_id/2023;Peterborough United;League One;2020;€4.48m
https://www.transfermarkt.com/fc-barnsley/startseite/verein/349/saison_id/2023;Barnsley FC;Championship;2020;€15.88m
https://www.transfermarkt.com/bolton-wanderers/startseite/verein/355/saison_id/2023;Bolton Wanderers;League Two;2020;€2.90m
https://www.transfermarkt.com/wigan-athletic/startseite/verein/1071/saison_id/2023;Wigan Athletic;League One;2020;€8.18m
https://www.transfermarkt.com/fc-portsmouth/startseite/verein/1020/saison_id/2023;Portsmouth FC;League One;2020;€2.90m
https://www.transfermarkt.com/oxford-united/startseite/verein/988/saison_id/2023;Oxford United;League One;2020;€5.28m
https://www.transfermarkt.com/fleetwood-town/startseite/verein/11177/saison_id/2023;Fleetwood Town;League One;2020;€3.53m
https://www.transfermarkt.com/charlton-athletic/startseite/verein/358/saison_id/2023;Charlton Athletic;League One;2020;€8.08m
https://www.transfermarkt.com/bristol-rovers/startseite/verein/2455/saison_id/2023;Bristol Rovers;League One;2020;€3.55m
https://www.transfermarkt.com/burton-albion/startseite/verein/2963/saison_id/2023;Burton Albion;League One;2020;€4.20m
https://www.transfermarkt.com/lincoln-city/startseite/verein/1198/saison_id/2023;Lincoln City;League One;2020;€2.98m
https://www.transfermarkt.com/wycombe-wanderers/startseite/verein/2805/saison_id/2023;Wycombe Wanderers;Championship;2020;€3.23m
https://www.transfermarkt.com/cambridge-united/startseite/verein/986/saison_id/2023;Cambridge United;League Two;2020;€1.43m
https://www.transfermarkt.com/exeter-city/startseite/verein/6699/saison_id/2023;Exeter City;League Two;2020;€2.18m
https://www.transfermarkt.com/shrewsbury-town/startseite/verein/3054/saison_id/2023;Shrewsbury Town;League One;2020;€5.18m
https://www.transfermarkt.com/northampton-town/startseite/verein/1302/saison_id/2023;Northampton Town;League One;2020;€2.50m
https://www.transfermarkt.com/leyton-orient/startseite/verein/1150/saison_id/2023;Leyton Orient;League Two;2020;€2.70m
https://www.transfermarkt.com/fc-port-vale/startseite/verein/1211/saison_id/2023;Port Vale FC;League Two;2020;€2.48m
https://www.transfermarkt.com/carlisle-united/startseite/verein/1220/saison_id/2023;Carlisle United;League Two;2020;€1.88m
https://www.transfermarkt.com/cheltenham-town/startseite/verein/3371/saison_id/2023;Cheltenham Town;League Two;2020;€2.13m
https://www.transfermarkt.com/fc-stevenage/startseite/verein/3684/saison_id/2023;Stevenage FC;League Two;2020;€1.35m
